timestamp,driver,car_number,speed_kph,engine_rpm,gear,throttle,brake,steering_angle,lap_distance
2025-03-28T21:18:38.764455,Max Verstappen,5,105.48,10771,4,38.66,0.33,-72.79,3085.76
2025-03-15T00:13:38.884182,George Russell,18,116.53,8626,7,64.62,57.11,-83.53,1020.33
2025-03-07T12:54:07.750901,Sergio Perez,11,349.78,13017,1,57.97,77.05,87.88,4222.71
2025-02-03T03:14:13.826808,Lando Norris,6,242.98,9195,3,33.41,5.4,-77.2,3697.17
2025-01-22T02:24:31.734753,Carlos Sainz,5,250.87,10632,4,36.26,78.41,-77.14,603.04
2025-02-17T14:51:48.442887,Sebastian Vettel,5,172.18,10776,4,98.66,34.56,39.59,3000.68
2025-03-17T08:57:54.565240,Sebastian Vettel,1,151.88,11269,6,46.58,75.55,-83.79,2579.75
2025-01-23T09:40:12.808318,Sergio Perez,14,151.54,14906,5,47.16,76.97,-51.12,183.65
2025-04-19T19:03:04.733301,Daniel Ricciardo,18,313.53,13633,3,55.23,95.91,75.41,1040.83
2025-01-24T01:42:50.203078,George Russell,16,336.64,8855,5,34.72,60.82,-19.8,4703.23
2025-03-10T15:24:06.677465,Max Verstappen,14,202.18,13265,5,69.46,39.59,20.02,4786.74
2025-01-07T11:20:49.233226,Sebastian Vettel,9,208.48,8467,6,13.19,52.01,-43.03,1983.18
2025-02-14T17:24:56.240255,Fernando Alonso,16,312.42,14616,1,3.73,95.87,-0.44,1018.69
2025-01-22T11:50:36.029976,Carlos Sainz,20,227.2,12972,7,79.92,98.71,4.8,967.86
2025-03-22T12:59:03.329984,Charles Leclerc,16,336.05,9244,3,79.74,3.49,69.45,4912.89
2025-03-06T08:25:11.583939,Charles Leclerc,12,195.62,9385,4,60.89,47.76,-87.82,645.93
2025-04-01T17:58:56.177218,Max Verstappen,15,177.11,8501,8,88.67,13.74,16.7,4420.83
2025-02-05T10:22:35.723869,Sergio Perez,10,293.87,8979,6,71.46,22.26,42.69,1125.85
2025-03-20T02:58:24.892998,Fernando Alonso,8,308.69,9310,7,32.65,90.06,-23.54,272.48
2025-04-22T13:38:29.927719,Max Verstappen,14,105.46,12695,3,87.41,17.93,-21.67,3929.61
2025-04-22T07:51:09.647183,Sergio Perez,6,262.75,8905,5,12.97,6.39,57.93,1408.27
2025-01-16T10:36:11.766061,Daniel Ricciardo,12,243.54,14420,4,97.21,10.17,4.96,512.76
2025-04-04T12:51:41.100655,Daniel Ricciardo,4,332.59,8713,1,24.04,4.86,-71.82,3708.57
2025-01-10T03:52:37.635920,Max Verstappen,3,136.41,13361,8,65.23,20.2,-86.83,4298.47
2025-02-15T21:00:32.992959,Max Verstappen,16,295.19,9923,3,21.02,12.0,-6.29,2029.37
2025-03-18T05:55:40.926883,Max Verstappen,20,183.49,9993,2,50.22,68.42,-43.38,3503.04
2025-01-11T01:21:20.929172,Max Verstappen,16,316.49,14351,2,48.25,76.93,-43.73,3135.97
2025-04-20T09:25:48.802626,Lewis Hamilton,1,300.29,9041,8,58.05,72.08,-41.06,1275.97
2025-02-20T18:35:20.450943,Lewis Hamilton,17,243.54,14313,4,41.98,76.53,-30.54,870.31
2025-01-14T21:11:46.027536,Carlos Sainz,15,130.9,8027,8,42.3,36.65,-57.01,1244.72
2025-02-25T04:04:19.009278,Daniel Ricciardo,17,318.71,9180,7,61.96,0.25,13.0,4488.63
2025-04-17T14:18:56.263278,Fernando Alonso,18,280.44,14516,2,78.83,72.51,61.48,492.33
2025-04-08T13:18:49.287144,Carlos Sainz,3,130.17,13012,2,25.42,97.28,-25.34,1010.92
2025-02-11T22:32:06.105104,Sebastian Vettel,2,160.62,9042,2,6.94,53.8,-43.49,4429.78
2025-01-04T14:32:38.164619,Lewis Hamilton,12,178.1,14079,3,84.8,16.97,34.24,3712.27
2025-02-28T23:12:47.395776,Carlos Sainz,18,331.53,12661,1,3.97,65.97,71.85,4576.38
2025-01-07T00:37:52.994553,Charles Leclerc,1,317.35,8634,2,83.15,68.4,78.15,133.65
2025-03-28T18:47:04.987174,Charles Leclerc,6,284.36,9915,2,40.11,1.92,-26.42,1617.8
2025-03-03T02:31:34.041058,Fernando Alonso,5,141.33,9035,5,50.8,91.27,-1.38,1167.74
2025-04-29T00:15:53.455669,Charles Leclerc,8,223.66,13563,5,66.66,22.8,21.37,649.81
2025-04-05T13:05:12.951890,Carlos Sainz,4,107.76,9533,1,29.25,75.35,16.91,4793.09
2025-04-15T01:40:47.983536,Carlos Sainz,15,235.25,14978,3,94.35,60.71,74.85,2430.81
2025-01-02T03:02:04.377221,George Russell,11,196.99,12273,1,79.84,75.85,64.16,2787.05
2025-03-21T19:36:47.683275,Fernando Alonso,4,131.36,9852,7,18.31,49.34,-82.77,3673.44
2025-03-16T09:17:21.479844,Lewis Hamilton,19,271.02,14829,3,76.18,95.74,-74.07,2931.8
2025-02-20T16:38:48.218210,Sebastian Vettel,15,160.72,11228,3,51.65,84.88,-38.63,1081.27
2025-04-21T14:53:38.309264,Fernando Alonso,18,296.73,12947,5,85.01,66.09,51.72,1289.97
2025-04-07T05:45:04.315916,Lando Norris,13,323.54,14374,6,46.67,88.58,28.25,2548.37
2025-03-14T23:43:09.839776,Daniel Ricciardo,16,100.03,13546,8,34.8,13.26,22.76,324.53
2025-02-07T05:16:53.833458,Lewis Hamilton,12,236.71,11965,2,18.45,60.79,17.32,2014.91
2025-04-07T19:20:33.768618,Lewis Hamilton,12,324.84,11376,2,13.93,58.29,-8.67,1166.77
2025-01-25T23:55:11.749370,Sergio Perez,17,311.45,9609,8,4.22,46.93,-15.4,3234.04
2025-03-14T02:47:25.891899,Charles Leclerc,1,286.61,10683,1,75.12,26.28,-44.63,3417.54
2025-01-23T13:25:54.358408,Lewis Hamilton,14,274.12,12131,8,13.43,8.32,-65.72,4825.34
2025-01-18T09:16:34.837541,Carlos Sainz,6,102.21,9429,3,2.11,78.65,79.52,3946.27
2025-01-20T14:13:34.070209,Sebastian Vettel,12,175.59,14732,2,15.17,65.21,-73.48,642.02
2025-02-12T02:12:51.787343,Fernando Alonso,5,101.37,12901,8,78.02,45.6,25.85,1625.34
2025-03-16T08:15:32.556745,George Russell,7,328.81,12319,5,74.44,56.24,29.07,2896.29
2025-02-26T00:44:54.028987,Lando Norris,1,229.93,8817,4,36.77,29.97,2.4,2640.34
2025-03-30T09:09:25.213565,George Russell,1,271.64,13882,3,16.05,61.05,24.72,3795.41
2025-02-01T11:43:12.900631,George Russell,20,258.03,14390,6,55.64,71.98,51.16,2440.77
2025-04-07T15:18:48.064902,Lando Norris,19,177.91,8315,8,38.37,6.71,-40.23,476.63
2025-04-01T14:38:36.406139,Charles Leclerc,13,151.77,14362,4,88.01,82.25,-66.13,4266.9
2025-03-23T10:46:38.910614,Charles Leclerc,18,245.47,12588,3,47.95,75.93,42.01,2660.47
2025-04-26T17:38:25.873177,Sebastian Vettel,6,151.57,8987,2,8.13,59.52,71.77,1555.54
2025-04-25T09:06:28.391933,Carlos Sainz,1,221.09,13807,3,61.15,18.67,80.04,4398.89
2025-01-09T07:33:43.771371,Sebastian Vettel,8,261.18,11290,8,36.37,88.84,48.55,691.1
2025-04-13T16:31:06.949131,Sergio Perez,2,325.69,9010,8,28.16,29.71,26.91,2980.73
2025-03-03T00:38:22.099124,Lewis Hamilton,3,137.58,10159,3,33.86,86.49,-75.85,3205.68
2025-01-16T18:12:07.455928,George Russell,5,203.11,14947,4,40.76,81.9,76.11,4221.2
2025-04-25T15:23:00.159814,George Russell,6,201.82,12549,4,68.51,90.17,2.84,3756.9
2025-01-25T22:50:57.363774,Max Verstappen,13,284.53,8297,1,32.18,93.75,8.94,4185.95
2025-02-14T01:14:40.517168,Charles Leclerc,3,254.83,10323,3,77.9,66.35,87.28,3029.06
2025-04-22T21:06:09.422752,Daniel Ricciardo,14,240.66,14106,2,96.97,52.13,-86.87,2625.67
2025-01-23T11:10:06.009010,George Russell,5,276.79,13341,1,98.43,30.48,7.48,1917.24
2025-03-24T23:36:10.242968,Charles Leclerc,20,233.57,10138,8,43.88,2.0,32.14,1596.27
2025-03-17T14:55:31.926395,Sergio Perez,1,192.39,9320,3,62.48,36.83,-49.74,88.63
2025-01-02T11:52:25.835330,Fernando Alonso,8,338.29,9379,4,40.23,24.77,-17.62,2625.02
2025-04-05T03:26:01.983629,Lando Norris,13,123.43,14517,6,84.33,60.03,36.26,3832.97
2025-04-19T13:37:26.189281,Daniel Ricciardo,2,253.25,10914,2,62.74,85.35,-2.36,4356.98
2025-04-09T10:04:57.261092,Charles Leclerc,4,236.07,11466,5,80.59,12.9,-65.21,3567.77
2025-01-23T09:09:25.555341,Max Verstappen,6,221.17,14681,1,47.71,42.32,78.02,1620.14
2025-01-30T03:13:50.054075,Carlos Sainz,19,125.73,14914,3,3.09,60.82,-59.78,2817.87
2025-01-16T13:52:18.841506,Lando Norris,9,349.57,10348,7,26.38,87.35,47.75,34.38
2025-02-25T00:29:15.271036,Max Verstappen,19,239.61,10876,1,7.85,41.81,87.2,3643.64
2025-03-10T10:41:42.081781,Carlos Sainz,10,201.54,10950,5,44.68,75.8,-83.64,4369.12
2025-02-25T13:45:47.826254,Lando Norris,6,151.09,10918,4,88.27,83.57,33.04,520.94
2025-03-18T21:41:08.506138,Max Verstappen,8,214.4,9184,3,84.75,22.4,59.7,497.55
2025-01-01T19:04:38.420547,Fernando Alonso,10,134.91,14979,1,94.16,63.52,-48.79,152.35
2025-03-31T06:37:52.283198,Carlos Sainz,14,343.92,9293,2,60.68,82.31,-9.41,1919.36
2025-01-17T03:51:38.917769,Max Verstappen,12,258.35,8866,7,85.17,66.87,-13.25,1410.87
2025-02-28T12:32:41.317595,Max Verstappen,20,171.66,14804,4,27.81,49.89,-15.75,2873.55
2025-03-24T20:39:10.297506,Sergio Perez,9,239.53,12476,5,32.04,55.08,36.46,2324.37
2025-03-16T17:34:18.072227,Charles Leclerc,19,200.12,8231,5,14.02,3.24,-43.41,1864.21
2025-02-05T19:16:47.780792,Fernando Alonso,3,214.55,13205,7,87.91,18.21,69.19,4269.73
2025-02-24T18:24:21.040032,Sebastian Vettel,4,272.1,12039,4,44.73,33.92,12.48,4401.97
2025-04-07T19:42:28.280865,Fernando Alonso,10,144.24,12092,5,89.31,79.65,24.77,3767.55
2025-03-13T14:43:47.240696,Charles Leclerc,7,202.17,10893,4,27.39,61.39,70.75,578.69
2025-03-21T04:26:03.804615,Max Verstappen,19,106.41,11688,2,46.32,46.76,-5.61,587.9
2025-01-06T17:04:47.657384,George Russell,18,126.86,9184,2,24.31,80.51,24.63,4737.83
2025-01-26T07:12:17.511186,Sebastian Vettel,10,109.36,8693,8,1.34,12.61,27.68,617.25
2025-03-29T15:21:09.980186,Sebastian Vettel,9,257.71,14480,8,55.66,73.77,40.18,1639.6
2025-03-22T23:05:31.618315,Sebastian Vettel,3,164.73,9246,5,72.84,21.38,-76.86,4825.12
2025-04-14T21:43:03.472349,Lando Norris,14,252.13,8684,1,80.47,79.56,9.14,3872.81
2025-03-30T12:10:52.949258,George Russell,18,252.7,10694,1,62.67,64.73,-39.68,4768.97
2025-02-08T06:07:42.933173,George Russell,9,149.16,14826,4,12.88,88.94,35.18,2370.62
2025-04-24T07:52:22.382743,Lewis Hamilton,10,188.77,14883,7,16.34,39.55,-23.99,883.24
2025-02-21T03:17:09.522548,Charles Leclerc,6,274.56,10187,5,60.31,42.49,-1.96,749.3
2025-03-28T16:02:45.729358,George Russell,15,240.05,13930,1,96.65,5.31,31.05,2295.32
2025-04-17T04:52:36.462031,Lewis Hamilton,18,143.28,8665,8,95.24,25.7,60.38,1759.71
2025-04-16T12:33:21.958004,Lewis Hamilton,17,213.25,10889,7,80.67,64.36,-85.72,789.34
2025-02-24T10:05:26.194320,Charles Leclerc,12,221.23,8708,1,37.55,45.36,-70.46,4019.77
2025-02-25T13:33:23.294600,Lando Norris,17,241.36,14338,5,45.49,19.66,-55.37,1830.28
2025-01-21T00:46:57.312709,Fernando Alonso,5,234.23,10445,3,98.9,70.24,27.98,1380.26
2025-04-14T07:53:07.474047,Sergio Perez,13,284.61,9267,4,32.88,83.37,58.9,3888.9
2025-02-05T11:00:08.182241,George Russell,6,258.17,12111,8,77.64,48.36,78.05,1624.69
2025-04-15T07:03:43.940145,Lando Norris,4,137.5,11965,7,56.08,59.83,67.11,3749.3
2025-02-02T11:16:59.948244,Charles Leclerc,8,339.8,13751,6,54.32,30.97,57.65,3238.87
2025-02-14T20:12:14.564151,Charles Leclerc,14,281.48,13117,7,51.2,40.02,68.3,4125.59
2025-03-13T09:08:39.197238,Charles Leclerc,14,310.24,11771,4,34.22,68.98,14.62,626.93
2025-02-22T01:33:26.513866,Lando Norris,5,284.31,13699,8,78.17,24.69,13.64,3922.08
2025-02-17T15:36:06.897421,Charles Leclerc,4,294.7,14398,6,10.63,76.32,10.22,4702.88
2025-03-03T02:22:49.707080,Lewis Hamilton,11,171.67,11961,5,13.6,9.31,-14.15,1817.28
2025-04-16T16:42:46.253213,Fernando Alonso,13,182.54,10245,2,10.07,29.83,10.04,3219.65
2025-03-23T19:54:01.439491,Carlos Sainz,10,313.88,12536,8,16.29,97.95,47.81,496.6
2025-04-24T10:49:02.967711,Sergio Perez,15,164.63,14891,8,76.92,88.56,-70.11,4473.99
2025-02-18T10:23:59.488375,Max Verstappen,18,176.8,8507,4,31.62,32.01,-52.45,2853.15
2025-03-18T13:19:15.652767,Carlos Sainz,6,178.14,8269,3,19.43,44.8,79.68,1511.33
2025-03-01T16:19:29.016928,Carlos Sainz,2,159.02,9364,5,78.34,90.67,64.24,2617.65
2025-03-05T13:23:04.577706,Daniel Ricciardo,10,254.85,8049,4,58.57,16.74,-22.41,3529.83
2025-03-22T20:43:02.619094,George Russell,4,110.35,9001,8,55.6,19.21,5.36,2810.76
2025-03-21T03:20:42.325731,Lewis Hamilton,9,142.74,10838,3,86.78,47.68,39.67,36.45
2025-02-22T16:28:06.349123,Fernando Alonso,15,291.47,9473,2,6.36,42.18,-83.21,4779.8
2025-04-18T22:11:47.526414,Fernando Alonso,6,248.94,8525,6,46.01,33.38,-23.28,2500.01
2025-03-03T23:01:11.546726,Carlos Sainz,13,309.8,10929,2,44.49,92.96,-24.34,3000.76
2025-01-28T23:39:45.056859,George Russell,1,340.15,14193,1,68.68,7.59,-87.6,4597.78
2025-02-17T22:46:25.798961,George Russell,11,294.64,13523,4,60.85,68.64,-30.36,167.54
2025-03-01T18:54:42.719870,Daniel Ricciardo,9,198.17,13341,4,5.16,66.16,0.13,2846.41
2025-02-19T08:36:13.503242,Lewis Hamilton,2,222.44,9528,6,64.32,0.82,-3.51,2324.51
2025-01-17T05:34:12.490481,Max Verstappen,5,136.58,11295,8,32.18,99.98,-50.04,2636.17
2025-02-05T18:03:13.759446,Lando Norris,20,143.85,14544,5,19.13,93.25,62.9,4667.73
2025-02-24T03:19:14.746336,Carlos Sainz,17,317.71,14262,2,39.32,4.02,-44.1,565.67
2025-01-15T16:18:16.427347,Daniel Ricciardo,9,341.65,9051,5,42.69,80.95,-5.73,14.09
2025-02-08T14:43:17.502064,Lewis Hamilton,9,295.25,10518,4,82.65,74.13,72.49,4973.86
2025-03-16T03:46:17.698593,Charles Leclerc,12,246.5,11061,5,83.47,81.75,-77.16,4549.18
2025-04-19T01:34:26.741527,Daniel Ricciardo,12,134.36,8489,2,11.84,16.24,12.29,1335.83
2025-02-12T22:58:35.296182,Lando Norris,11,213.07,9600,8,87.42,98.67,-66.95,1018.57
2025-01-06T21:55:47.975965,George Russell,7,177.52,10471,3,47.02,88.92,72.1,1753.17
2025-01-13T22:33:52.701830,George Russell,7,129.99,10621,2,7.55,56.13,-35.76,2558.41
2025-01-01T20:17:47.258976,George Russell,2,150.9,13324,7,99.15,45.21,-57.6,174.75
2025-04-15T08:42:14.263855,George Russell,15,325.33,9660,3,83.74,78.65,65.41,1280.55
2025-02-14T01:13:41.139025,Lewis Hamilton,3,325.6,13036,2,63.88,7.25,70.95,3053.85
2025-01-08T09:42:28.436357,Sebastian Vettel,18,253.03,12030,4,55.4,68.34,30.78,3535.34
2025-04-22T21:55:17.998309,Fernando Alonso,20,300.01,10146,1,31.36,49.26,37.83,108.3
2025-03-12T04:00:20.521489,Carlos Sainz,9,244.95,8679,1,79.98,71.33,28.29,3343.59
2025-03-30T08:02:46.957168,Daniel Ricciardo,19,176.02,11300,2,91.21,92.19,19.6,2295.86
2025-01-28T11:38:10.348610,Max Verstappen,15,104.31,11944,5,25.78,31.26,-32.6,4989.88
2025-02-10T18:51:41.872863,Sebastian Vettel,7,277.54,9216,1,62.23,42.29,43.76,2472.19
2025-02-12T16:22:49.546228,Fernando Alonso,7,149.8,11400,4,59.69,70.48,1.76,3767.18
2025-02-04T16:13:24.145967,Max Verstappen,11,128.23,8071,6,59.02,15.35,-13.95,1213.96
2025-03-25T15:54:33.982047,Fernando Alonso,1,188.6,11353,4,16.76,68.99,-48.69,270.16
2025-01-29T01:26:26.847285,Lando Norris,10,190.41,14438,5,17.05,71.83,-50.46,4866.47
2025-03-18T05:42:52.231331,Lewis Hamilton,2,349.92,11690,8,41.01,78.33,20.23,1005.62
2025-03-11T10:45:44.600382,Max Verstappen,5,192.81,13117,3,85.27,8.65,63.52,511.25
2025-03-15T22:05:04.701106,Carlos Sainz,8,181.94,8408,4,21.63,26.47,-51.16,2990.61
2025-04-09T02:57:39.203349,Daniel Ricciardo,12,334.82,13807,3,30.73,98.7,82.99,2271.4
2025-02-03T06:20:25.971836,Carlos Sainz,4,313.52,13629,5,23.11,25.89,5.59,985.77
2025-01-23T17:33:11.816910,George Russell,14,257.39,10549,8,37.32,48.95,-1.71,3317.72
2025-03-19T10:06:14.568472,Carlos Sainz,3,144.72,14552,8,94.64,30.13,-67.06,1138.68
2025-01-04T01:11:55.170458,George Russell,5,151.0,12557,6,57.16,41.58,68.11,4441.93
2025-02-05T08:10:40.174742,Daniel Ricciardo,11,242.22,14156,6,67.94,7.66,-76.84,1331.61
2025-04-28T02:58:53.139249,Lando Norris,16,316.32,11542,6,65.42,21.76,34.02,1332.27
2025-03-27T18:23:01.355236,Sergio Perez,7,161.82,10655,2,6.51,31.87,40.04,3527.64
2025-04-09T07:30:30.306205,Charles Leclerc,8,349.17,11434,7,34.97,63.66,-86.44,4616.16
2025-04-06T20:44:40.516896,Daniel Ricciardo,3,328.21,13501,2,3.02,76.46,-13.82,3324.71
2025-02-19T20:17:35.147386,George Russell,2,207.13,10485,1,46.9,98.89,70.84,4111.98
2025-03-19T17:15:54.157865,Carlos Sainz,14,125.08,9045,4,86.36,12.82,48.81,4899.38
2025-03-18T23:12:59.654487,Sebastian Vettel,4,126.25,14893,4,90.78,77.13,73.87,3667.83
2025-01-07T00:50:46.652265,Lando Norris,1,188.36,11932,3,59.1,20.32,56.86,216.03
2025-01-02T07:04:31.710874,Daniel Ricciardo,15,192.9,12031,2,41.31,2.78,-71.9,2458.34
2025-03-24T12:14:19.588017,Charles Leclerc,4,142.54,9648,4,99.33,16.46,-71.44,4338.69
2025-04-01T17:08:38.556604,Fernando Alonso,1,173.32,12442,2,33.75,10.3,-58.95,3279.58
2025-02-03T18:39:04.785829,Max Verstappen,2,314.21,13149,4,75.78,72.1,-36.02,519.43
2025-03-09T13:57:48.804601,Lewis Hamilton,9,335.88,8927,3,30.31,19.07,-87.69,2157.86
2025-02-20T23:21:53.743832,Charles Leclerc,11,293.22,11305,4,0.47,50.92,-18.42,2211.11
2025-04-19T10:41:17.107736,George Russell,4,257.86,13610,4,35.34,44.1,-5.16,452.92
2025-02-14T10:18:53.686924,Daniel Ricciardo,3,184.46,13871,3,39.75,86.15,6.33,3676.64
2025-01-18T08:41:47.389349,Lewis Hamilton,16,158.22,14146,3,73.91,9.8,-57.68,4307.62
2025-03-07T15:03:58.257006,Daniel Ricciardo,14,122.84,13674,1,47.93,88.95,20.35,1513.73
2025-01-10T20:56:20.937544,Daniel Ricciardo,7,223.21,8331,3,83.78,80.61,1.53,322.38
2025-01-26T15:41:55.499526,Daniel Ricciardo,12,325.81,10721,4,66.6,20.65,-35.44,810.25
2025-02-25T05:33:43.818609,Sergio Perez,3,141.55,9400,2,62.81,50.96,84.79,759.66
2025-03-22T15:30:45.036338,Lewis Hamilton,9,266.46,14121,3,32.16,25.17,81.17,4466.5
2025-04-03T05:06:58.391450,Carlos Sainz,4,114.88,13715,3,97.19,77.34,-85.7,1350.65
2025-01-09T14:17:19.974059,Carlos Sainz,14,243.71,8881,6,4.74,8.75,58.43,397.78
2025-02-27T05:56:09.561826,Max Verstappen,19,168.9,14071,6,20.53,84.91,35.95,4664.85
2025-02-24T08:59:08.958412,Max Verstappen,4,222.02,14003,7,49.41,97.38,-79.34,1202.09
2025-01-05T13:17:03.028940,Sebastian Vettel,4,251.92,11282,8,19.23,78.72,41.64,3123.89
2025-01-26T19:58:46.625916,Sebastian Vettel,19,229.28,14468,1,11.13,7.96,53.1,2887.95
2025-04-17T05:12:05.964901,George Russell,16,338.06,13686,7,66.24,40.16,-6.53,1223.6
2025-02-25T22:00:49.887485,Charles Leclerc,5,238.67,10354,4,82.35,99.81,85.5,3937.92
2025-01-10T16:49:50.790405,Charles Leclerc,11,118.62,9503,5,39.94,52.42,54.2,2236.68
2025-02-15T23:09:54.110274,Daniel Ricciardo,2,220.63,13354,2,54.34,26.38,16.61,3920.58
2025-01-07T11:07:06.696387,Carlos Sainz,20,285.67,8995,7,15.85,17.57,0.05,962.68
2025-02-12T10:41:38.886319,Fernando Alonso,19,293.42,11081,1,74.77,69.49,83.91,1804.8
2025-02-16T17:27:22.480530,Charles Leclerc,5,124.78,11408,5,77.27,11.91,50.02,1704.45
2025-02-20T12:54:50.841120,Fernando Alonso,16,122.74,14973,4,58.78,22.84,7.51,3381.51
2025-03-27T05:24:21.467652,Carlos Sainz,13,305.09,9985,3,77.83,97.78,44.6,2101.84
2025-02-06T06:52:09.127791,Fernando Alonso,5,293.6,8493,3,27.16,52.74,-43.03,4521.49
2025-03-01T02:28:47.622624,Lando Norris,4,144.42,11235,1,15.31,32.64,79.94,2400.83
2025-03-11T05:03:51.212569,Lando Norris,14,299.98,10092,3,30.84,73.77,35.59,1560.77
2025-03-19T23:33:33.572009,Sebastian Vettel,18,155.27,14806,2,84.92,46.82,-44.1,2838.37
2025-02-22T01:41:43.920285,Max Verstappen,14,318.54,10860,3,4.21,21.93,-32.18,1256.33
2025-04-16T18:47:29.445746,Fernando Alonso,15,276.3,13494,3,4.65,98.63,-0.72,926.9
2025-01-22T00:07:21.181019,Daniel Ricciardo,14,311.71,11090,1,89.82,58.77,-56.05,2261.35
2025-01-03T00:24:36.287177,Lando Norris,15,282.02,10921,4,2.53,24.72,60.29,4679.2
2025-01-20T03:15:08.718493,Fernando Alonso,3,250.46,11511,7,1.87,82.64,37.08,3389.31
2025-04-19T02:25:19.992602,Sergio Perez,20,173.85,11511,4,59.74,16.93,-3.33,661.59
2025-03-20T22:00:22.561038,Carlos Sainz,19,266.13,13703,4,34.33,62.52,-72.46,348.76
2025-02-27T11:13:54.489864,Max Verstappen,19,256.68,8544,6,48.46,19.4,-64.87,4446.06
2025-01-03T20:18:16.521879,Max Verstappen,9,107.55,9067,7,27.34,65.11,42.94,3116.75
2025-02-15T22:43:52.309642,Carlos Sainz,18,311.66,10718,3,98.72,57.59,42.04,3837.53
2025-01-14T19:18:42.210918,Charles Leclerc,18,247.49,11192,3,70.1,14.38,27.17,3713.5
2025-01-13T15:40:44.420802,Lewis Hamilton,7,117.48,8741,8,70.54,98.57,9.48,1076.45
2025-04-02T05:21:43.240310,Carlos Sainz,16,194.36,13716,1,24.94,13.66,-16.08,2056.01
2025-04-28T10:24:35.992495,Carlos Sainz,11,254.82,9164,6,51.14,31.48,72.45,4265.48
2025-02-17T08:37:52.312000,Fernando Alonso,5,337.75,14929,2,53.56,25.49,55.35,4674.72
2025-03-12T07:01:02.827507,Carlos Sainz,3,108.86,10335,7,18.87,93.63,-15.17,4518.6
2025-03-07T18:53:29.124079,Max Verstappen,5,225.29,10079,1,63.58,11.78,-1.76,2897.06
2025-04-27T18:17:03.140010,Sergio Perez,9,240.73,11936,5,94.55,40.23,-15.77,147.81
2025-02-23T22:26:17.802312,Carlos Sainz,2,128.72,9425,5,56.48,44.02,-71.8,509.2
2025-04-05T17:30:27.542851,Sergio Perez,14,262.93,11757,6,81.63,83.42,-24.88,3520.92
2025-01-16T07:04:13.725075,Sergio Perez,3,121.03,13191,2,79.93,63.29,-45.86,861.76
2025-01-04T00:31:35.003839,Daniel Ricciardo,19,133.24,12927,3,53.29,68.25,-57.43,4843.35
2025-04-06T22:03:20.732434,Daniel Ricciardo,11,176.05,11414,7,22.05,90.62,41.64,1985.94
2025-04-16T23:37:19.597247,Daniel Ricciardo,8,213.31,9175,1,42.23,62.12,51.77,383.38
2025-02-01T14:26:07.297433,Max Verstappen,19,161.34,10422,5,60.58,48.95,-56.62,3993.11
2025-04-06T23:03:38.137202,George Russell,8,327.79,8253,1,49.47,87.46,-57.12,4112.59
2025-01-07T22:17:26.877252,Daniel Ricciardo,9,137.93,14026,5,73.06,45.02,54.13,593.26
2025-03-01T11:35:13.861750,George Russell,5,337.46,14751,6,55.97,76.8,84.08,4817.84
2025-03-07T16:11:41.572797,Sebastian Vettel,1,222.2,8951,2,90.1,22.58,24.73,2730.29
2025-04-27T09:17:16.644134,Charles Leclerc,14,300.66,8140,1,40.31,3.92,35.41,1452.58
2025-03-31T02:30:05.954634,Fernando Alonso,9,114.75,13794,8,57.15,19.17,-72.95,4369.13
2025-01-16T07:19:52.767174,Lando Norris,10,297.77,10033,2,52.96,24.76,-51.77,4933.96
2025-04-27T05:05:19.626477,Carlos Sainz,9,236.98,10249,1,23.47,79.12,13.25,4680.74
2025-04-08T00:22:57.648396,George Russell,14,180.43,11411,5,90.97,81.31,-68.46,3249.31
2025-01-30T16:47:07.764632,Fernando Alonso,2,209.46,12302,7,89.93,59.69,32.17,4817.0
2025-03-02T03:41:37.182056,Sergio Perez,2,150.55,9772,5,85.33,58.59,38.27,4744.35
2025-04-16T22:13:40.083835,Sergio Perez,11,246.84,12229,6,35.52,91.83,11.05,3688.3
2025-04-04T11:47:58.096794,Lando Norris,13,335.84,12424,2,16.51,65.48,-26.23,419.36
2025-03-19T13:48:57.410467,Lewis Hamilton,12,297.53,14708,2,3.14,43.56,67.59,451.41
2025-03-08T20:19:39.346343,Lewis Hamilton,3,115.07,9287,4,74.84,57.81,11.92,1578.27
2025-02-24T05:28:53.450219,Lando Norris,4,251.52,10154,1,82.05,26.41,-2.77,2123.3
2025-03-12T11:52:29.435141,Daniel Ricciardo,11,293.85,11831,1,95.81,99.0,-7.75,4085.73
2025-04-28T13:37:13.330611,Daniel Ricciardo,11,283.52,14135,8,84.52,89.93,56.27,1259.62
2025-04-19T02:46:22.116476,Charles Leclerc,17,265.02,10017,6,69.82,44.89,19.61,4761.02
2025-01-27T13:38:53.797997,Sebastian Vettel,8,185.9,13430,1,13.14,39.91,-28.37,4749.72
2025-02-08T05:50:37.213180,Sebastian Vettel,4,100.55,12691,6,84.83,10.2,-37.97,4835.36
2025-04-14T12:07:08.356622,Sergio Perez,8,288.61,13147,1,24.29,60.84,85.51,3194.01
2025-04-15T07:01:05.178613,Carlos Sainz,4,226.76,8689,1,42.92,35.05,18.8,2928.95
2025-01-30T07:12:09.388913,Max Verstappen,20,276.44,12085,6,50.58,41.69,-15.77,3896.63
2025-02-28T00:03:15.067314,Carlos Sainz,5,341.42,11292,2,3.09,31.51,-30.41,2617.62
2025-03-11T17:29:07.501044,Sergio Perez,12,126.0,10829,8,36.57,38.99,1.94,677.75
2025-04-04T03:22:00.417305,Fernando Alonso,17,237.98,13590,5,39.45,5.49,6.13,1455.93
2025-04-03T23:43:14.325274,Sebastian Vettel,1,242.98,11534,4,10.74,62.71,18.55,3347.44
2025-01-25T20:51:39.356498,Charles Leclerc,20,185.97,11192,4,20.7,10.51,55.1,4381.13
2025-02-19T22:03:27.859676,Charles Leclerc,9,336.78,8828,4,18.96,13.54,48.06,2406.05
2025-04-07T23:13:47.990340,Charles Leclerc,3,250.7,13135,3,37.38,51.84,84.33,3348.92
2025-01-22T10:50:40.805104,Daniel Ricciardo,8,249.4,13473,2,24.62,41.8,13.32,3632.0
2025-04-26T05:28:24.658601,Sergio Perez,10,157.8,10243,1,79.7,15.05,25.47,1920.02
2025-02-22T07:52:45.079261,Sergio Perez,13,137.23,14880,5,51.04,82.95,-72.6,4812.25
2025-03-02T07:37:35.181632,Carlos Sainz,2,285.55,9192,8,66.28,49.69,-74.05,1269.39
2025-04-23T18:51:32.556442,Lando Norris,9,177.12,9620,7,24.16,88.45,3.4,2300.46
2025-01-02T03:31:22.835051,Charles Leclerc,12,202.14,8336,8,42.13,17.23,-39.48,1099.48
2025-02-04T05:33:10.878420,Max Verstappen,12,139.19,9559,6,59.14,19.84,68.7,826.13
2025-03-20T11:08:44.769752,Fernando Alonso,4,200.8,14509,1,23.97,96.92,-1.29,3072.33
2025-01-10T15:14:10.978998,Lando Norris,4,184.32,14683,2,5.17,14.45,-9.56,2262.37
2025-01-19T00:53:15.083706,Carlos Sainz,19,150.65,11871,6,85.25,94.17,-10.22,3520.49
2025-01-18T00:52:30.413176,Max Verstappen,8,290.82,11499,1,50.6,2.91,65.97,3664.67
2025-04-27T22:07:55.899197,Max Verstappen,5,328.77,12087,8,26.28,59.62,81.0,4715.12
2025-03-26T16:07:03.126368,George Russell,1,265.42,9729,5,88.06,96.74,-67.61,2962.2
2025-04-10T04:26:28.732109,Charles Leclerc,11,196.86,12109,2,51.83,51.63,-15.76,207.94
2025-03-21T06:42:41.202189,George Russell,13,115.09,10182,1,70.69,50.39,-10.67,163.73
2025-02-01T04:03:44.600464,Fernando Alonso,1,348.46,9785,6,60.86,97.39,18.15,1542.05
2025-01-11T15:18:29.985004,Daniel Ricciardo,14,340.61,11632,1,29.22,57.81,83.51,3584.92
2025-01-09T18:34:18.529024,Lando Norris,3,192.28,11227,5,66.14,40.43,67.44,257.99
2025-04-01T01:42:23.662588,Daniel Ricciardo,13,285.42,12845,4,14.7,99.55,22.82,4702.64
2025-02-05T19:41:01.648472,Fernando Alonso,7,289.95,9849,8,67.62,50.71,86.87,1256.24
2025-03-01T06:14:56.017304,Carlos Sainz,1,205.1,11577,6,26.13,0.41,-61.19,3660.12
2025-03-15T07:26:47.723968,Sergio Perez,16,295.06,13253,8,56.16,26.93,66.03,4858.06
2025-02-07T09:29:34.346751,Sergio Perez,7,275.52,13648,5,38.72,57.88,75.85,1856.1
2025-01-29T21:43:46.883151,Charles Leclerc,20,263.86,9728,3,69.45,61.46,86.23,419.3
2025-01-11T22:35:37.157822,Sergio Perez,3,204.73,14280,7,85.06,62.72,22.09,1444.37
2025-03-30T23:18:15.432567,Lewis Hamilton,2,115.98,11930,3,79.87,12.45,-9.05,1845.52
2025-03-03T19:41:44.839268,Charles Leclerc,15,343.69,8137,4,27.09,84.22,49.45,2593.87
2025-03-28T10:35:39.184999,Daniel Ricciardo,13,221.79,10166,1,16.28,32.01,-13.25,3383.8
2025-03-11T11:47:14.290531,Lewis Hamilton,7,342.82,8864,5,4.8,96.67,88.89,1862.14
2025-04-01T17:45:21.087198,Sebastian Vettel,11,334.41,12230,6,48.13,28.12,-37.41,4364.95
2025-04-06T09:38:03.612846,Carlos Sainz,3,168.18,9685,6,33.99,8.88,20.97,378.51
2025-01-22T03:47:47.943022,Max Verstappen,3,320.78,11154,4,58.72,0.12,85.39,1348.22
2025-02-03T09:50:59.202979,Fernando Alonso,19,130.45,14139,1,85.89,45.31,37.58,225.61
2025-03-06T14:03:19.165611,Sergio Perez,15,231.98,10176,3,75.72,18.16,-53.42,4543.76
2025-02-02T02:46:34.471239,Max Verstappen,8,266.11,13154,8,30.4,74.45,-58.11,2967.53
2025-03-25T22:10:15.571681,Daniel Ricciardo,16,158.92,13652,5,53.17,78.98,-0.09,2741.27
2025-02-07T09:25:33.441520,Fernando Alonso,17,102.41,8677,2,30.83,28.62,-64.59,4466.75
2025-01-02T04:49:20.506642,Sebastian Vettel,20,334.02,12033,2,79.55,56.11,-63.26,615.38
2025-01-15T10:46:31.428858,Lewis Hamilton,1,132.15,12642,1,90.33,16.17,89.98,110.05
2025-03-18T11:41:54.818478,Max Verstappen,19,245.07,12961,5,9.72,59.13,-78.94,1734.64
2025-02-26T14:29:13.012921,Lewis Hamilton,12,208.46,11381,4,97.01,35.34,-83.19,3687.29
2025-03-30T03:47:13.488953,Sebastian Vettel,11,260.6,12215,5,87.21,33.7,8.05,2777.83
2025-02-24T15:38:53.796831,Sebastian Vettel,6,117.82,9429,4,25.66,17.28,-23.13,2725.3
2025-02-26T16:06:52.001308,George Russell,5,127.15,8238,4,55.23,83.58,-13.45,2831.1
2025-04-11T06:20:34.111907,Max Verstappen,16,215.39,13098,4,80.1,47.9,77.74,1257.66
2025-03-24T11:58:23.551101,Lando Norris,16,112.32,14406,5,9.75,19.85,81.81,3012.57
2025-04-15T14:09:31.970713,Max Verstappen,12,130.43,8332,8,72.86,83.94,-22.19,753.71
2025-01-12T15:35:06.349337,Sergio Perez,1,156.89,8079,2,16.89,32.2,-55.75,4361.71
2025-02-09T13:20:51.885919,Lando Norris,17,133.69,12177,4,92.43,2.88,-39.77,1381.08
2025-02-08T21:15:21.271496,Lewis Hamilton,8,315.15,13238,4,89.19,63.03,-11.74,1596.87
2025-01-02T15:16:46.516051,Daniel Ricciardo,20,129.64,8027,2,79.5,42.12,-12.9,2576.87
2025-01-01T15:25:45.031876,Daniel Ricciardo,4,338.4,13201,5,4.66,37.42,83.94,3941.74
2025-03-17T12:43:52.871422,Charles Leclerc,14,279.19,11696,1,53.0,82.27,12.94,1965.15
2025-02-12T20:18:20.207902,Lando Norris,18,318.25,10757,8,78.83,87.75,39.02,3736.13
2025-01-28T13:50:01.378830,Carlos Sainz,13,136.04,10849,4,84.48,3.45,-84.71,2817.27
2025-02-22T11:08:59.542725,Sebastian Vettel,6,209.9,14512,4,74.12,4.11,55.42,2914.08
2025-03-11T07:21:23.460614,Daniel Ricciardo,9,251.0,10479,4,80.28,72.38,10.04,1487.43
2025-04-23T10:19:45.189621,Max Verstappen,3,141.46,14223,6,60.12,67.21,-56.2,1801.61
2025-04-04T07:40:06.271637,Sebastian Vettel,9,275.58,14166,6,74.56,36.42,3.79,3390.72
2025-03-09T00:18:13.340774,Daniel Ricciardo,8,225.38,8900,1,80.37,41.44,17.15,1438.95
2025-04-18T23:48:08.059693,George Russell,9,160.53,11058,4,48.44,51.68,52.45,0.63
2025-02-22T20:07:48.407985,Fernando Alonso,2,124.16,11592,6,43.89,93.66,70.28,1787.86
2025-01-16T14:16:04.666186,Lando Norris,20,248.21,12379,4,78.95,12.68,-60.05,4151.53
2025-04-10T19:16:02.757124,Sergio Perez,13,131.53,10486,8,30.81,64.84,-41.7,4642.77
2025-01-06T04:29:22.646709,George Russell,6,121.74,12377,7,11.51,15.75,-72.04,4304.78
2025-01-03T05:29:38.632500,Carlos Sainz,11,197.65,9809,5,95.96,20.24,-23.56,2346.91
2025-04-11T23:38:28.475325,Daniel Ricciardo,11,147.35,11489,2,84.11,5.46,-74.02,3821.36
2025-03-09T11:28:40.488147,Carlos Sainz,15,259.79,8115,7,8.25,12.83,18.61,833.33
2025-01-27T04:36:49.854534,Charles Leclerc,9,282.9,13546,2,53.38,14.43,-15.59,200.95
2025-03-09T10:29:37.617561,Daniel Ricciardo,13,239.52,12993,3,29.0,93.06,-28.61,1455.92
2025-03-09T13:58:43.495708,Lewis Hamilton,10,337.68,12914,7,92.25,20.2,-77.53,2480.46
2025-02-10T08:29:38.573215,Fernando Alonso,15,221.04,8165,8,9.4,47.94,16.99,341.03
2025-03-30T02:37:53.680729,Max Verstappen,20,337.78,10343,8,56.29,57.79,-39.43,1862.99
2025-01-13T23:52:22.464238,Sergio Perez,9,332.89,9522,3,37.07,35.58,-66.7,588.39
2025-02-19T12:45:38.718010,Sergio Perez,7,234.96,9862,5,24.47,75.21,48.15,2516.04
2025-01-26T05:55:02.340717,George Russell,19,229.73,9348,2,53.02,89.58,62.14,1729.89
2025-01-24T15:12:14.363077,Fernando Alonso,18,240.21,13077,2,41.85,35.27,-54.08,4050.62
2025-04-17T07:59:21.448057,Lewis Hamilton,14,329.61,11153,7,83.13,23.47,14.65,2429.12
2025-01-26T13:18:48.975651,Max Verstappen,18,210.03,12312,6,49.89,91.4,74.8,3472.94
2025-04-29T05:07:54.514443,Max Verstappen,4,191.08,13063,8,98.39,87.54,-58.24,795.69
2025-04-27T19:09:08.962016,Sebastian Vettel,15,327.32,9646,5,17.79,91.2,56.6,1199.61
2025-03-03T08:20:36.847127,Carlos Sainz,13,298.8,10389,2,46.23,83.53,-71.13,2762.08
2025-02-24T16:12:11.018866,George Russell,8,258.62,13864,7,92.55,8.63,28.59,3693.11
2025-02-16T02:00:48.018106,Carlos Sainz,3,202.24,10189,7,91.14,20.06,26.26,2134.81
2025-01-16T20:04:24.068373,George Russell,9,307.63,9874,7,39.97,20.28,24.37,2785.05
2025-02-04T07:02:38.673000,Sebastian Vettel,11,194.75,14283,8,43.67,26.38,-47.11,2762.34
2025-04-13T09:48:37.495430,Carlos Sainz,6,120.05,9767,8,20.68,72.18,-22.68,3079.05
2025-03-25T19:56:41.919224,Lando Norris,15,312.85,13820,4,26.35,29.09,-86.32,3899.99
2025-02-22T22:20:40.174252,Lewis Hamilton,12,106.84,11424,7,9.14,84.22,79.04,1232.75
2025-01-07T05:32:02.160726,George Russell,6,289.25,14510,4,1.24,80.68,60.73,2105.39
2025-01-18T13:07:41.320144,Max Verstappen,8,349.01,12790,7,56.85,92.87,-26.13,4150.23
2025-03-24T15:12:07.699921,Lando Norris,10,108.7,12426,5,41.7,13.04,-82.4,2051.38
2025-03-14T22:09:08.374245,Lewis Hamilton,14,135.54,10098,3,1.37,92.84,-36.29,570.69
2025-03-28T03:08:58.724015,Fernando Alonso,14,135.88,13641,8,38.4,57.7,43.7,4894.02
2025-01-21T23:00:25.235255,Daniel Ricciardo,20,196.36,8707,3,40.05,36.1,47.2,4718.4
2025-04-27T04:56:38.393118,Fernando Alonso,6,157.65,14362,4,98.04,35.31,60.93,1562.03
2025-01-05T04:03:20.833226,Sebastian Vettel,3,311.01,14837,3,75.63,31.84,-73.77,1976.6
2025-04-02T20:55:38.689360,Lando Norris,9,106.65,14172,2,31.48,7.17,-22.18,1124.98
2025-03-07T16:12:38.322952,Sebastian Vettel,3,250.51,11047,1,82.67,3.55,-32.41,1049.54
2025-03-14T16:13:16.707339,Max Verstappen,18,107.21,14004,1,94.91,14.17,-86.23,1773.31
2025-01-17T22:14:50.207092,George Russell,8,330.02,8076,1,41.62,75.47,51.52,1404.0
2025-04-05T08:24:00.774427,Fernando Alonso,10,163.61,13887,3,95.38,73.5,-88.07,3614.79
2025-04-08T03:21:04.682295,Daniel Ricciardo,1,158.61,8945,3,47.1,64.54,-37.48,2310.08
2025-01-01T00:14:56.752631,Charles Leclerc,9,257.04,11318,5,4.14,26.22,-64.7,128.24
2025-03-05T00:10:45.990191,Fernando Alonso,19,327.87,8468,7,89.24,92.97,-47.14,1130.07
2025-01-19T22:03:51.918856,Daniel Ricciardo,10,338.89,13470,8,65.9,4.77,74.75,1645.73
2025-02-26T00:51:12.905169,Carlos Sainz,8,108.29,13007,1,39.99,2.4,-13.28,2152.66
2025-04-22T21:30:11.097079,Lewis Hamilton,13,272.55,8535,3,2.24,76.26,-44.96,4592.95
2025-01-08T21:57:35.011576,Carlos Sainz,9,332.92,13404,8,4.54,48.53,39.92,1478.17
2025-01-18T01:31:19.508578,Carlos Sainz,14,314.22,9784,3,9.86,54.0,-23.82,1116.58
2025-03-28T21:54:45.888494,Carlos Sainz,8,288.67,8774,8,67.33,49.42,31.83,375.93
2025-01-13T02:28:09.113544,Charles Leclerc,4,255.62,14492,7,80.91,27.41,-84.0,1197.07
2025-01-08T10:17:13.618949,Sebastian Vettel,8,165.36,14802,5,99.95,26.55,-13.45,450.84
2025-03-19T17:12:39.056728,Lando Norris,18,265.29,10945,8,68.87,81.66,64.67,4747.36
2025-01-31T20:54:05.745403,Fernando Alonso,7,190.14,13842,8,18.83,44.54,-73.22,1841.36
2025-04-19T22:53:28.363904,Charles Leclerc,8,108.59,10628,3,5.55,96.93,9.68,2732.03
2025-04-28T07:06:07.656541,Charles Leclerc,2,249.2,13582,8,47.06,15.2,26.47,4921.01
2025-01-24T08:29:16.148654,Daniel Ricciardo,10,283.14,11398,5,65.29,57.94,80.78,599.04
2025-01-16T06:34:18.560204,Charles Leclerc,16,307.69,12748,2,14.65,62.34,-29.17,2648.41
2025-01-06T14:23:37.230219,Sebastian Vettel,5,167.26,13504,7,8.22,54.17,54.16,4788.38
2025-04-27T14:30:05.929890,Sergio Perez,18,285.28,9861,6,24.3,56.4,60.38,4926.0
2025-04-22T02:22:01.449498,Lewis Hamilton,20,122.55,14856,4,68.15,99.14,44.31,699.26
2025-03-19T04:29:54.392771,Daniel Ricciardo,20,158.77,8722,8,7.07,39.46,67.6,322.55
2025-03-28T10:47:50.242481,Sergio Perez,14,217.94,11864,4,14.32,87.29,-0.77,1122.31
2025-01-29T10:52:22.174628,Sergio Perez,2,120.06,12295,1,12.8,41.47,74.85,2649.98
2025-03-24T04:58:18.092264,Lando Norris,4,118.1,11228,8,46.78,70.48,80.89,4094.83
2025-03-20T16:30:00.338162,Lewis Hamilton,20,314.45,8467,1,44.63,2.16,-46.36,4178.4
2025-03-12T09:25:03.735021,Sebastian Vettel,7,160.14,9821,6,1.85,53.48,-67.6,1388.23
2025-01-10T02:34:19.136537,Lewis Hamilton,15,349.91,10519,3,31.05,18.13,85.28,1697.7
2025-02-09T18:08:58.035663,Charles Leclerc,9,339.79,13849,2,58.23,84.04,-3.63,690.82
2025-03-28T00:07:13.922554,Carlos Sainz,1,198.37,9638,8,13.45,66.3,0.69,1077.93
2025-04-23T10:24:01.578801,Carlos Sainz,14,154.52,13383,7,49.51,12.49,27.21,132.43
2025-01-27T11:26:41.823893,Sergio Perez,5,170.48,9599,7,4.78,8.06,4.24,759.62
2025-03-11T07:29:18.076561,Sergio Perez,19,117.45,11850,5,80.42,52.41,11.13,116.1
2025-02-18T11:20:39.133886,Sebastian Vettel,10,335.96,14771,4,27.42,2.13,36.65,1738.28
2025-03-14T04:45:26.522241,Lewis Hamilton,9,348.61,13351,2,76.53,84.27,-32.22,1198.69
2025-02-01T19:53:40.999754,Carlos Sainz,2,117.07,10115,6,66.44,91.05,34.22,4850.62
2025-02-24T08:29:14.180756,George Russell,6,174.91,13181,2,43.39,86.09,-54.29,3524.39
2025-01-10T20:06:15.139872,Carlos Sainz,13,346.98,8538,5,37.15,4.4,-82.3,1060.0
2025-03-26T23:30:48.189186,George Russell,13,257.97,11726,1,92.51,23.54,-65.67,1381.17
2025-02-10T02:08:29.286898,Carlos Sainz,5,130.95,8650,1,32.32,97.62,8.16,1967.53
2025-03-13T02:37:33.802340,Lewis Hamilton,9,311.56,9686,3,84.29,60.77,16.19,4980.89
2025-02-25T12:49:40.839086,Sebastian Vettel,13,311.32,12468,8,94.56,55.01,16.76,3023.87
2025-01-16T13:41:26.760203,Lando Norris,6,335.3,14615,8,10.63,90.04,35.73,2003.77
2025-02-07T06:07:36.261793,Sergio Perez,12,235.31,10953,8,52.28,23.39,47.4,483.0
2025-04-27T03:28:53.097423,Max Verstappen,3,339.81,12697,8,52.65,13.49,-58.84,2958.07
2025-04-28T01:36:27.579843,Lando Norris,18,200.1,9423,8,43.16,26.52,13.75,2000.45
2025-02-02T21:46:31.993213,Lewis Hamilton,1,181.58,10729,1,78.17,20.45,-76.04,2404.0
2025-02-07T14:16:35.748621,Sergio Perez,13,161.07,13879,3,38.49,86.77,70.91,3694.74
2025-01-03T08:57:58.820243,Daniel Ricciardo,13,232.29,11649,1,32.75,71.7,-54.11,4408.34
2025-02-14T22:33:45.101619,Lando Norris,6,263.36,13368,7,28.51,68.66,0.97,2213.91
2025-03-04T19:21:30.950583,Lewis Hamilton,12,245.56,14005,1,60.98,62.49,11.41,2354.37
2025-01-28T05:38:19.175980,Fernando Alonso,18,184.37,14517,4,76.49,27.88,28.85,1453.6
2025-03-16T17:31:48.126295,Fernando Alonso,16,156.06,11715,6,11.84,72.42,19.89,3216.68
2025-02-23T14:35:11.902491,Sebastian Vettel,3,232.47,9909,8,34.96,77.23,10.6,3153.81
2025-04-18T02:56:12.626761,Lewis Hamilton,11,320.05,14286,6,61.07,10.86,66.13,1544.11
2025-02-10T16:57:28.326145,Charles Leclerc,15,167.76,13071,1,48.38,21.29,44.84,850.9
2025-02-15T15:05:44.366817,Sergio Perez,16,147.1,9143,1,87.66,60.91,-62.83,3723.4
2025-01-11T05:58:46.345985,Lando Norris,9,209.03,10178,7,12.53,0.83,-80.34,3893.64
2025-02-02T12:04:21.768332,Charles Leclerc,20,184.48,10262,2,91.98,4.62,37.0,130.1
2025-02-06T15:18:53.881081,Carlos Sainz,10,190.24,10323,4,74.08,56.68,-73.9,4493.72
2025-01-19T12:47:39.461694,Lewis Hamilton,13,108.89,13829,2,77.68,42.78,14.74,1332.51
2025-02-27T14:51:51.796010,Lando Norris,17,208.96,10589,8,79.14,27.94,49.03,3954.05
2025-03-12T20:45:08.118666,Charles Leclerc,18,138.44,9923,1,94.2,0.46,68.54,3451.74
2025-01-07T08:16:36.578101,Sergio Perez,15,225.0,13035,8,74.04,17.01,24.85,3374.65
2025-01-03T21:01:57.395220,Fernando Alonso,20,125.77,8858,8,83.45,73.04,-0.44,852.62
2025-03-01T16:14:21.992412,Fernando Alonso,12,144.19,8314,3,47.34,48.5,-70.43,3731.99
2025-03-14T10:30:32.663659,Max Verstappen,10,244.73,13902,2,11.98,45.81,-18.27,2159.0
2025-03-17T15:42:55.264832,Lewis Hamilton,17,209.37,13074,8,18.32,1.22,-81.66,3622.64
2025-01-24T00:58:52.781570,Sebastian Vettel,3,236.1,9766,7,44.87,40.89,7.61,1330.58
2025-02-01T17:00:54.711993,Sergio Perez,15,136.9,13634,4,25.24,39.87,73.57,3573.57
2025-01-07T06:49:16.521910,George Russell,20,336.78,13144,3,59.91,14.28,-86.26,1574.34
2025-04-17T15:30:08.457524,George Russell,13,323.41,13660,5,96.71,97.32,14.79,202.01
2025-01-27T04:09:57.331076,Carlos Sainz,17,322.64,12443,6,74.88,88.36,51.34,4125.91
2025-03-12T22:05:41.851508,Daniel Ricciardo,3,289.88,14449,7,14.01,59.34,32.13,108.83
2025-01-31T01:14:32.831709,Daniel Ricciardo,9,333.68,13423,1,81.3,51.62,73.67,2848.3
2025-02-22T12:11:38.721197,Charles Leclerc,20,179.39,8903,6,66.87,11.65,-64.94,3773.26
2025-04-21T22:17:53.036841,George Russell,3,167.8,14987,6,86.79,14.99,-34.0,1049.82
2025-03-11T06:50:57.652055,Sergio Perez,7,280.97,11634,3,70.36,18.45,48.75,2240.99
2025-03-05T16:42:27.346683,George Russell,7,129.15,13017,5,46.89,71.81,-35.77,2364.56
2025-01-02T08:32:08.749888,Charles Leclerc,8,287.47,13879,3,82.02,79.62,-63.25,3289.62
2025-03-13T10:52:12.932094,Fernando Alonso,9,337.24,11535,6,7.47,89.77,50.85,2573.99
2025-03-25T02:37:59.165970,Charles Leclerc,12,188.89,14410,1,22.66,76.92,75.73,2361.97
2025-03-18T19:07:25.769525,Daniel Ricciardo,11,320.34,10882,4,38.3,48.37,-17.32,4510.57
2025-02-24T22:40:34.840384,Sebastian Vettel,1,324.51,11962,6,47.48,8.13,-21.71,2555.74
2025-01-09T08:57:16.519739,Fernando Alonso,18,120.66,8899,8,21.12,95.71,-85.66,996.06
2025-01-31T10:56:59.907753,Charles Leclerc,7,339.67,9213,2,90.41,86.07,-58.28,2927.16
2025-01-27T15:58:15.384301,Fernando Alonso,14,201.02,10293,7,42.94,57.75,1.59,2145.25
2025-03-05T14:20:50.897175,Sergio Perez,6,125.05,10124,5,13.11,52.38,-39.88,4469.56
2025-03-31T17:18:49.845658,Lewis Hamilton,9,275.64,14198,3,13.8,56.32,21.3,3093.36
2025-02-24T23:20:11.861461,Lewis Hamilton,1,347.98,11924,1,26.48,84.41,83.89,4495.54
2025-04-26T06:54:56.030333,Fernando Alonso,12,275.16,8220,3,80.41,15.58,-82.81,523.77
2025-02-15T23:32:05.328364,Sergio Perez,6,298.4,11274,4,46.88,4.16,41.88,2270.75
2025-04-26T07:23:23.470213,Max Verstappen,7,340.53,10093,7,21.6,29.08,72.52,444.36
2025-01-27T21:52:42.455649,Charles Leclerc,1,217.67,10439,1,58.55,5.44,3.56,3631.77
2025-02-25T19:42:09.120229,Lewis Hamilton,11,171.3,8750,3,94.93,27.5,44.67,261.72
2025-03-20T15:19:21.048455,George Russell,11,222.75,13611,2,63.41,29.43,5.49,611.94
2025-02-05T10:13:17.827226,Daniel Ricciardo,13,207.42,10321,2,21.96,88.24,38.44,1496.78
2025-03-21T15:11:15.777097,Sergio Perez,19,159.71,12249,1,82.46,48.92,-88.77,2382.82
2025-01-30T11:31:44.674763,Charles Leclerc,2,193.48,13333,1,82.56,57.49,-69.97,4307.93
2025-04-24T09:55:49.111251,George Russell,20,320.96,12602,4,62.76,54.59,27.44,591.03
2025-01-31T11:00:18.000610,George Russell,7,220.72,9327,5,21.99,0.34,-81.55,4038.97
2025-03-21T16:54:28.000990,Daniel Ricciardo,9,240.72,9873,8,84.45,52.84,12.81,4813.92
2025-01-05T04:59:04.315797,Carlos Sainz,16,229.01,11310,8,60.35,92.99,50.56,4245.0
2025-01-13T23:14:27.032096,Sebastian Vettel,9,214.34,12017,6,79.07,39.53,19.35,1498.3
2025-03-23T09:01:59.550367,Sergio Perez,18,224.02,12702,7,24.39,37.83,-81.0,1190.24
2025-04-18T05:56:09.727234,Fernando Alonso,2,253.64,12600,2,38.68,62.12,3.48,2708.37
2025-02-21T21:20:25.330499,Sergio Perez,10,349.16,9053,4,33.36,91.89,-28.44,2592.96
2025-04-10T22:35:18.698433,Sebastian Vettel,5,340.49,14866,8,23.35,23.65,23.53,3520.45
2025-03-28T16:18:32.324391,George Russell,17,291.72,12766,6,20.02,8.94,-38.97,1091.41
2025-01-06T18:33:09.231312,Carlos Sainz,7,248.48,11338,7,30.32,84.61,-26.54,82.82
2025-04-06T08:28:29.166440,Lando Norris,12,331.46,12490,1,66.32,6.11,34.08,782.94
2025-02-06T16:14:41.450630,Carlos Sainz,9,191.61,10685,8,72.66,75.19,48.16,2344.01
2025-04-03T10:27:31.477832,Daniel Ricciardo,16,177.67,12589,5,42.56,56.88,9.13,3411.99
2025-03-19T07:40:44.199688,Lewis Hamilton,12,227.49,11208,3,57.94,88.32,73.87,3472.41
2025-02-13T19:03:55.123396,Sergio Perez,8,279.71,9199,8,6.46,75.33,79.7,1941.4
2025-01-25T05:23:35.730920,Max Verstappen,11,222.74,9279,5,91.6,57.64,-50.12,553.32
2025-03-14T16:38:12.278225,Lewis Hamilton,5,181.22,10374,8,95.32,58.09,87.31,1746.63
2025-02-21T08:03:04.583214,Max Verstappen,8,328.49,11369,4,25.89,97.35,51.92,4738.91
2025-02-12T10:43:54.826764,Carlos Sainz,17,224.1,12348,7,85.41,93.67,-54.6,718.12
2025-04-17T02:44:33.123839,Fernando Alonso,16,177.98,8447,5,97.14,52.79,-85.76,2278.14
2025-02-16T12:23:15.938503,Lewis Hamilton,12,236.32,14414,6,79.49,25.9,75.14,2599.95
2025-04-13T07:58:42.510344,Lando Norris,20,261.39,10241,5,91.44,16.68,48.27,1606.08
2025-03-01T15:52:25.235575,George Russell,15,204.53,10053,7,5.99,10.08,55.88,499.49
2025-04-13T21:04:16.246556,Sergio Perez,18,194.42,13672,6,43.03,44.49,36.09,2958.43
2025-04-21T10:34:51.085058,Carlos Sainz,10,222.59,13084,1,70.52,71.96,-72.74,3605.77
2025-01-03T01:01:04.898572,Carlos Sainz,6,149.8,9856,7,46.01,70.05,85.72,630.42
2025-04-04T07:11:27.919291,Carlos Sainz,15,273.66,11209,3,42.92,55.62,-60.9,1207.22
2025-04-08T21:14:15.559880,Max Verstappen,16,173.79,10297,7,18.37,39.04,42.79,1053.15
2025-01-02T01:20:55.643157,Daniel Ricciardo,14,160.82,12051,1,1.43,22.55,-66.79,1525.16
2025-04-14T07:43:40.839325,Daniel Ricciardo,12,131.71,12367,7,94.65,54.95,50.03,3680.12
2025-03-17T14:37:16.202374,Carlos Sainz,15,301.06,12699,1,93.3,34.79,-7.37,336.47
2025-02-13T23:41:43.874941,Daniel Ricciardo,8,269.4,8879,2,87.26,82.04,-73.79,1756.01
2025-03-24T21:52:24.594102,Lewis Hamilton,16,165.65,9325,2,34.91,74.07,67.49,1645.67
2025-01-10T10:18:05.858170,Lando Norris,6,287.46,11192,5,81.56,8.53,-26.68,2710.43
2025-03-30T13:57:03.411269,Sebastian Vettel,9,177.86,8144,8,17.2,2.21,-2.68,617.49
2025-02-01T04:34:35.170264,George Russell,14,282.72,10278,4,38.8,74.84,-37.68,3241.0
2025-01-20T00:51:43.248045,Sergio Perez,12,242.78,9873,8,63.42,14.13,-59.53,3330.82
2025-04-03T11:52:01.002183,Sebastian Vettel,5,286.05,12875,8,9.89,89.39,-68.54,4375.44
2025-01-23T20:20:03.656658,Sergio Perez,16,321.13,12461,7,10.01,49.97,-60.72,1233.97
2025-03-28T13:54:32.525715,Daniel Ricciardo,5,135.22,10274,4,50.55,46.1,47.3,766.91
2025-01-11T18:43:49.755698,Daniel Ricciardo,17,345.38,14673,8,9.21,34.04,27.41,4336.84
2025-03-13T23:42:53.732643,Charles Leclerc,3,242.03,14412,3,48.32,93.76,1.4,4468.43
2025-02-22T19:41:06.911087,Fernando Alonso,11,331.58,11387,6,88.8,35.38,59.02,306.6
2025-02-15T00:02:32.524108,Lewis Hamilton,2,325.79,10675,7,49.81,79.17,-80.26,1155.18
2025-04-22T09:27:37.297802,Charles Leclerc,8,299.88,10419,6,15.32,19.72,41.1,3315.14
2025-02-24T19:12:58.177565,Sergio Perez,10,347.94,9130,7,46.71,4.4,-44.86,4386.8
2025-03-21T19:13:28.043690,Charles Leclerc,10,154.6,11139,6,55.87,84.76,28.12,4759.5
2025-03-25T01:15:01.110625,Lando Norris,20,189.17,11993,5,72.02,83.41,72.88,285.68
2025-01-26T07:15:58.010376,Daniel Ricciardo,15,102.87,11877,1,81.5,59.31,-20.8,3438.26
2025-04-09T14:33:01.684931,Lewis Hamilton,15,320.82,9079,1,59.91,21.66,11.42,916.44
2025-04-24T21:32:54.187014,Lando Norris,14,119.83,12773,4,63.86,35.45,-13.89,192.47
2025-03-20T19:10:31.586503,Carlos Sainz,1,130.25,13235,7,56.89,26.79,26.09,581.57
2025-01-21T02:36:00.173794,Lando Norris,12,133.75,8074,3,74.76,92.19,-20.29,1713.09
2025-03-10T04:39:42.442249,Carlos Sainz,11,339.94,8170,1,2.8,72.82,66.76,3001.91
2025-03-19T08:33:19.777879,Max Verstappen,5,304.32,12970,3,86.49,11.69,-52.63,2374.85
2025-03-11T08:26:06.671645,Daniel Ricciardo,7,195.15,8809,4,53.87,48.6,81.7,2914.0
2025-03-04T17:34:09.141279,Fernando Alonso,13,345.73,11014,8,33.77,6.67,-78.98,1877.22
2025-01-07T02:52:13.743931,Lewis Hamilton,15,103.8,13053,6,70.84,8.2,-19.49,3045.93
2025-04-16T06:47:57.374201,Daniel Ricciardo,9,341.65,12466,3,5.59,5.47,-74.68,56.26
2025-03-07T05:49:37.759831,Lewis Hamilton,3,349.22,11603,3,65.89,64.69,-69.22,4584.51
2025-01-24T16:00:04.931045,Charles Leclerc,9,140.3,13766,3,49.07,94.92,-16.69,4331.14
2025-02-20T02:13:38.960986,Fernando Alonso,20,156.14,9422,6,22.77,59.39,12.95,533.98
2025-04-01T06:00:05.216044,Daniel Ricciardo,13,307.76,13077,6,26.3,11.84,36.18,1572.22
2025-01-13T06:21:07.050937,George Russell,17,157.99,9730,4,53.04,82.64,16.24,4503.39
2025-02-03T05:57:35.973912,Carlos Sainz,15,103.68,14367,6,16.56,51.75,-69.15,3694.02
2025-02-21T20:51:37.976730,Max Verstappen,5,178.83,13047,5,16.71,34.39,-33.08,3179.94
2025-01-19T13:54:57.132840,Charles Leclerc,2,105.08,12883,6,50.64,44.04,72.28,318.41
2025-03-13T03:53:03.528998,Lewis Hamilton,8,163.8,14684,4,13.57,14.48,-61.53,4556.43
2025-04-05T16:18:44.543387,Sebastian Vettel,14,277.47,8009,2,82.46,40.68,-42.05,1674.5
2025-04-21T22:13:38.879642,Max Verstappen,18,319.39,10150,2,52.18,38.3,16.1,854.86
2025-01-09T08:44:51.377768,Fernando Alonso,17,153.79,14456,4,87.72,71.51,-14.47,2847.68
2025-03-31T19:58:57.737965,Sebastian Vettel,14,311.92,9323,3,7.55,96.75,48.02,3226.88
2025-01-17T06:53:02.501195,Lewis Hamilton,1,189.52,9863,5,65.54,36.34,-9.77,4227.85
2025-03-13T20:36:37.987335,George Russell,16,256.65,13282,8,69.61,0.36,-54.42,4626.1
2025-02-04T15:37:24.306077,Lewis Hamilton,7,302.15,12714,5,14.04,57.45,44.05,982.79
2025-04-11T16:48:49.398309,Charles Leclerc,6,240.1,14623,8,13.09,18.36,60.08,3522.73
2025-01-23T07:56:05.208982,Max Verstappen,5,133.96,9544,3,32.91,7.78,-5.57,1591.33
2025-02-27T19:58:22.788022,Charles Leclerc,10,191.63,12813,3,38.72,2.77,9.57,4442.45
2025-01-07T17:12:11.574838,Max Verstappen,20,349.79,14540,4,47.84,45.67,47.17,3754.98
2025-04-20T02:22:23.702181,Lewis Hamilton,18,328.78,15000,6,0.13,30.42,15.39,649.7
2025-03-21T19:58:05.283454,Sergio Perez,13,127.82,9689,2,45.26,84.29,2.35,952.24
2025-04-15T08:21:26.883113,Lando Norris,17,208.51,10697,6,16.03,4.21,-74.08,4913.61
2025-02-01T05:20:45.892064,Daniel Ricciardo,20,287.1,13131,8,12.48,97.33,14.25,75.03
2025-04-15T03:09:48.754757,Max Verstappen,3,337.43,8737,6,78.03,78.84,-13.17,481.6
2025-01-05T19:42:39.135470,Fernando Alonso,18,318.05,8507,3,16.41,67.44,-50.11,4851.71
2025-03-31T03:13:28.650876,Lewis Hamilton,17,185.88,10184,1,8.55,33.85,-1.97,557.72
2025-04-14T05:36:25.426120,George Russell,12,319.42,8005,8,10.95,88.34,-16.95,3564.15
2025-01-14T14:07:35.113525,Carlos Sainz,12,271.67,12109,6,99.54,29.51,23.18,1050.79
2025-02-21T01:49:38.462049,Max Verstappen,13,290.26,11595,6,56.4,55.77,-50.68,3200.27
2025-01-27T08:37:02.681050,Sebastian Vettel,16,311.95,9633,3,19.32,57.82,77.18,2167.57
2025-02-10T06:48:53.531163,Sergio Perez,10,104.08,8707,5,35.03,70.35,80.11,3673.66
2025-04-05T06:09:39.834661,Sebastian Vettel,1,125.66,14232,8,10.56,99.68,-51.73,2283.62
2025-02-12T05:30:43.930313,Lewis Hamilton,6,228.16,11012,7,25.76,27.7,15.29,24.4
2025-04-06T18:37:09.092854,Lewis Hamilton,15,327.33,9586,8,85.82,15.83,-73.65,1995.55
2025-02-08T10:42:55.073877,Daniel Ricciardo,6,262.17,11289,5,71.67,46.61,37.38,2594.77
2025-01-10T23:48:40.717328,Max Verstappen,6,202.74,9381,8,56.9,24.73,35.75,3308.31
2025-04-01T02:06:45.755569,Lewis Hamilton,11,128.45,10389,1,75.23,43.34,-65.7,2784.19
2025-02-22T03:18:35.702856,Sergio Perez,20,142.37,9218,8,8.51,27.51,43.59,3512.0
2025-02-03T02:22:33.518183,Max Verstappen,19,243.58,8819,7,42.42,73.6,-69.58,1585.66
2025-01-10T03:22:24.991552,Carlos Sainz,8,284.53,10250,5,53.66,88.2,9.15,1045.66
2025-04-08T14:17:55.353690,Daniel Ricciardo,8,114.05,12738,5,12.19,36.77,-27.03,1262.44
2025-03-17T13:46:23.570849,Sergio Perez,9,274.09,11266,6,6.31,94.51,-71.95,4253.11
2025-01-04T23:56:04.761111,Charles Leclerc,1,245.27,11194,5,6.95,8.91,45.8,1471.94
2025-01-09T00:27:52.094534,Charles Leclerc,13,293.12,9396,7,45.59,53.52,88.27,4228.29
2025-01-06T10:37:41.829394,Sebastian Vettel,3,309.3,8293,1,84.39,52.01,-28.85,1499.03
2025-02-16T09:29:43.801043,Max Verstappen,20,282.97,14913,8,67.2,32.49,41.86,4560.1
2025-01-17T19:24:25.030217,Lando Norris,20,125.61,13016,6,10.16,31.83,-62.03,1413.81
2025-03-17T05:43:19.989785,George Russell,17,321.53,14845,5,22.63,33.58,-85.55,3760.02
2025-04-17T14:53:21.010073,Max Verstappen,15,286.27,11006,6,41.02,74.09,-77.09,3847.29
2025-01-30T16:22:33.231646,George Russell,12,230.45,13071,3,17.29,51.04,-89.64,2892.06
2025-01-16T22:59:43.086859,Sergio Perez,15,123.47,8748,4,56.57,30.71,-40.4,778.92
2025-03-31T01:56:56.392185,Sebastian Vettel,11,245.28,9117,6,53.3,23.96,-45.99,1703.78
2025-04-06T17:53:43.926152,Lewis Hamilton,5,207.82,8022,5,62.03,52.59,-24.93,3244.2
2025-03-13T16:33:38.170271,Fernando Alonso,5,245.35,8907,3,51.18,42.55,-54.19,3727.78
2025-01-29T12:54:20.425767,Lewis Hamilton,3,113.34,12667,5,22.2,91.99,42.62,1641.95
2025-01-18T08:49:54.392462,Charles Leclerc,1,262.73,11112,5,19.86,31.71,9.58,3142.19
2025-03-21T16:48:31.410248,Lewis Hamilton,2,332.68,12637,4,35.91,6.08,6.86,2879.82
2025-03-13T07:19:40.374368,Sergio Perez,19,279.09,8401,5,74.15,74.65,57.54,4343.54
2025-02-11T11:48:59.939303,Lando Norris,9,252.35,10480,4,60.11,15.79,11.43,3985.04
2025-04-24T01:45:55.499551,George Russell,13,214.15,14087,7,4.51,49.38,64.49,1841.93
2025-02-06T23:03:34.650170,Fernando Alonso,18,259.83,9372,2,55.22,84.98,28.56,3809.06
2025-02-18T05:40:54.739383,Fernando Alonso,2,329.04,8934,7,49.44,11.68,-19.63,1158.6
2025-04-17T18:17:50.958642,Lando Norris,19,253.24,12820,2,0.5,82.98,75.41,3018.19
2025-03-19T12:55:53.755785,Sebastian Vettel,7,258.45,9379,5,34.26,95.09,84.69,4553.62
2025-01-05T23:33:34.955941,Fernando Alonso,7,268.45,12308,3,39.98,30.92,13.25,1785.04
2025-04-22T09:25:21.538446,Daniel Ricciardo,1,199.32,12000,2,3.82,98.61,-26.47,3774.01
2025-02-09T00:43:42.484484,Carlos Sainz,7,171.1,14532,6,36.03,30.05,55.52,4008.41
2025-03-13T20:41:55.649644,Lando Norris,2,185.27,12014,6,20.65,94.41,12.83,3866.9
2025-01-15T13:22:33.551358,Max Verstappen,3,137.5,10265,3,33.89,53.6,4.5,1025.6
2025-01-29T03:12:49.538196,Max Verstappen,16,105.98,14075,2,75.5,60.54,-40.3,3894.53
2025-04-15T13:01:37.954309,Lando Norris,14,331.49,9277,5,64.47,18.7,-48.77,712.15
2025-04-19T20:39:56.975624,Lewis Hamilton,1,303.91,8714,8,46.89,56.72,-68.24,2412.31
2025-03-22T20:47:10.627123,Sergio Perez,11,336.31,13579,8,8.24,50.72,57.09,1713.51
2025-03-11T06:41:42.918509,Charles Leclerc,7,318.37,12005,1,84.96,82.6,82.38,4689.75
2025-03-10T04:55:17.742720,Carlos Sainz,7,342.79,12770,3,8.18,44.42,54.63,2138.31
2025-03-20T06:52:53.327901,Max Verstappen,13,198.91,9933,7,44.53,39.95,72.7,2067.6
2025-01-07T04:53:57.193718,George Russell,18,249.86,13704,7,25.23,8.8,-12.79,815.88
2025-01-07T15:40:26.874600,Daniel Ricciardo,16,153.31,9466,7,9.49,44.42,-67.19,1691.18
2025-03-26T09:53:23.801441,Carlos Sainz,3,334.58,10680,8,21.49,85.44,64.13,1274.89
2025-01-17T08:59:44.597615,Lewis Hamilton,16,198.24,14887,5,48.29,89.31,-9.32,2908.93
2025-03-09T18:32:55.109221,Lando Norris,19,288.9,9161,3,32.81,9.7,55.77,945.15
2025-03-24T01:46:50.488705,Daniel Ricciardo,13,303.49,14956,8,77.77,0.25,64.78,4499.39
2025-02-17T11:09:41.864114,Sebastian Vettel,8,258.29,14322,7,2.68,86.04,-62.22,4808.68
2025-01-03T06:40:19.530158,Lewis Hamilton,6,189.63,12670,1,49.21,48.04,-47.17,1071.79
2025-04-12T03:19:05.994601,George Russell,16,241.83,12484,2,91.49,73.82,61.24,1257.91
2025-03-09T19:45:50.794018,Sebastian Vettel,14,219.69,13634,7,66.68,84.63,-51.08,4908.12
2025-04-26T13:50:02.860082,George Russell,15,311.26,10984,1,39.33,96.9,-16.21,4704.69
2025-01-01T05:36:53.254915,Max Verstappen,2,219.53,10910,5,31.25,88.25,68.65,632.3
2025-02-17T09:40:25.662096,Sebastian Vettel,4,178.03,14033,1,48.55,13.87,-31.99,1589.38
2025-01-26T23:58:57.910925,Fernando Alonso,2,325.91,9139,8,74.26,53.64,-38.29,2815.59
2025-01-25T11:07:07.019529,George Russell,13,216.57,11691,4,74.83,46.48,-75.1,4874.4
2025-02-20T00:31:33.185036,George Russell,16,216.83,12591,4,32.54,85.6,22.12,4015.49
2025-01-03T20:56:50.900104,Carlos Sainz,2,227.74,11268,4,20.23,80.36,-9.06,3637.53
2025-01-09T11:28:56.153623,Max Verstappen,11,115.47,14208,6,65.21,0.86,-75.78,3904.42
2025-02-02T01:28:19.231396,Sebastian Vettel,7,198.13,10767,4,0.47,1.24,19.71,4281.12
2025-02-08T13:22:32.061692,Fernando Alonso,18,328.53,9346,3,45.65,20.66,-30.64,4267.49
2025-03-20T19:10:19.783234,Lando Norris,8,259.44,13870,5,11.47,27.63,-7.21,2618.04
2025-03-09T10:34:58.209600,Carlos Sainz,20,128.88,10529,6,56.56,68.97,-3.75,610.48
2025-01-27T02:38:19.718319,Carlos Sainz,5,248.45,10110,2,35.43,4.63,53.69,2497.85
2025-02-25T08:58:22.696345,Lando Norris,20,268.62,9905,4,4.64,69.99,-32.48,520.77
2025-02-12T16:08:52.698176,Daniel Ricciardo,16,218.46,11037,8,71.04,41.62,-39.71,2139.32
2025-03-03T16:01:06.831878,Lando Norris,10,327.61,9710,4,77.41,46.32,5.29,3758.55
2025-02-27T02:49:16.374573,Lewis Hamilton,1,288.22,10933,3,45.18,55.07,27.47,1402.0
2025-04-24T16:07:58.046533,George Russell,7,119.17,10613,1,81.92,40.63,74.79,2858.34
2025-02-20T16:14:52.605035,Fernando Alonso,16,349.83,11181,1,43.76,35.99,55.92,185.74
2025-02-13T00:40:30.715828,Charles Leclerc,1,108.44,12630,7,30.93,90.9,-53.18,1060.07
2025-02-18T00:23:20.207709,Lewis Hamilton,13,256.13,9433,2,34.62,99.37,-76.79,827.41
2025-02-13T15:50:47.419057,Max Verstappen,12,226.0,14139,4,54.39,40.37,-54.07,727.83
2025-03-06T07:39:26.048558,Lando Norris,8,290.82,9906,2,30.55,20.02,-22.28,970.08
2025-03-17T02:15:34.352826,Max Verstappen,18,117.12,14949,4,74.37,78.44,7.28,493.75
2025-02-11T18:58:26.199450,Sebastian Vettel,19,100.07,14054,8,8.54,34.12,14.28,4697.27
2025-04-25T23:37:40.902024,Sebastian Vettel,18,256.6,13772,4,73.32,81.27,49.2,2483.34
2025-03-26T02:23:43.820587,Lando Norris,19,211.15,11683,4,65.98,27.53,-23.56,4988.71
2025-01-25T13:12:25.441118,George Russell,4,121.4,9469,4,66.89,65.57,-48.16,4733.32
2025-03-06T06:31:14.331145,Carlos Sainz,13,267.05,8609,5,77.04,30.99,-14.68,4121.21
2025-02-02T08:55:17.105593,Lando Norris,11,251.15,9190,5,9.75,36.88,1.19,354.79
2025-02-09T20:45:11.091139,Fernando Alonso,1,340.4,10914,3,57.09,3.11,-0.05,3205.22
2025-04-23T14:55:09.340341,Daniel Ricciardo,16,297.73,11127,1,42.74,23.84,-76.94,2261.34
2025-02-21T06:36:25.285077,Sebastian Vettel,18,147.22,9304,4,32.02,29.87,-25.92,2103.84
2025-03-05T20:42:31.822416,Fernando Alonso,5,196.63,10761,5,28.12,78.3,-11.7,1605.29
2025-03-17T21:48:49.815807,Daniel Ricciardo,19,251.4,10626,4,86.57,86.96,22.8,1716.26
2025-02-02T15:52:30.929722,Lando Norris,1,176.13,11364,7,39.93,12.99,24.28,4394.93
2025-04-08T12:30:59.000227,George Russell,12,165.25,13897,1,42.74,69.43,84.18,3732.41
2025-01-26T18:32:36.932881,George Russell,14,229.41,14872,3,39.18,24.36,-69.44,3224.92
2025-02-24T08:21:40.845465,George Russell,6,256.22,11859,4,22.06,58.47,-21.7,3889.24
2025-02-24T09:26:12.143229,Charles Leclerc,13,233.28,12114,6,19.6,9.75,3.29,449.0
2025-02-23T20:07:41.732194,Lewis Hamilton,15,132.12,9253,8,64.14,57.15,25.51,96.18
2025-04-03T01:14:25.343018,George Russell,6,214.71,11930,7,98.96,93.27,-10.77,4579.12
2025-01-10T07:30:19.810857,Daniel Ricciardo,9,116.61,10982,6,34.29,1.48,50.25,1641.81
2025-03-04T11:54:26.383149,Lando Norris,20,268.43,10082,5,97.74,93.45,-7.93,455.72
2025-04-02T17:05:34.376466,Lewis Hamilton,13,330.99,10777,4,48.82,21.69,47.45,1491.22
2025-03-18T12:40:24.608847,Carlos Sainz,15,215.92,14064,1,49.83,87.05,-48.9,742.83
2025-03-03T14:28:04.452046,Charles Leclerc,3,277.95,9793,4,10.71,68.32,-25.99,4847.72
2025-02-21T12:30:20.644151,George Russell,1,299.68,12488,4,35.51,53.76,72.97,1814.99
2025-04-16T00:56:59.267507,Sergio Perez,2,302.44,10865,1,94.38,28.58,1.5,4673.22
2025-02-19T12:03:07.930056,Sebastian Vettel,10,263.65,14209,7,93.38,86.84,-56.27,1895.61
2025-03-13T11:05:05.925706,George Russell,4,223.99,8685,4,76.07,78.29,44.51,812.02
2025-02-09T01:46:38.125580,Lando Norris,14,284.6,10478,8,46.35,79.42,-25.7,4335.03
2025-02-10T05:09:28.083176,Lewis Hamilton,17,107.7,12167,5,37.76,74.2,-40.87,4796.1
2025-02-02T12:09:06.550276,George Russell,8,174.71,9442,8,82.61,6.11,17.69,4025.1
2025-04-28T12:30:58.998956,George Russell,14,143.42,10871,8,39.07,21.51,48.75,1765.65
2025-01-14T07:02:58.934188,Charles Leclerc,16,149.95,11225,2,40.1,36.61,-80.37,1300.21
2025-03-01T21:32:58.218309,Lando Norris,1,336.85,8110,6,75.93,7.98,-9.16,240.5
2025-03-20T06:18:58.832868,Sergio Perez,10,245.03,13878,1,40.83,43.95,-88.61,1473.0
2025-01-07T16:30:02.495112,Sebastian Vettel,1,115.67,12190,5,53.84,7.07,4.11,762.61
2025-01-13T08:31:33.297234,George Russell,19,210.51,10143,8,85.81,65.45,1.2,2558.84
2025-03-16T00:33:24.236050,Fernando Alonso,20,322.71,9930,4,54.39,59.43,74.7,116.52
2025-03-19T14:28:50.659079,Lando Norris,14,207.27,8679,3,78.37,20.79,9.57,4661.36
2025-02-24T22:41:47.539742,Sergio Perez,13,261.23,13540,7,21.84,19.12,83.88,4527.67
2025-01-02T01:47:18.208048,Fernando Alonso,7,134.8,13921,8,57.25,7.88,-26.83,2077.01
2025-04-13T11:42:42.730146,Sergio Perez,12,149.13,14993,3,90.87,73.83,-6.63,1163.24
2025-03-04T03:54:04.253144,Daniel Ricciardo,16,338.5,10015,6,1.27,2.91,-22.25,3017.43
2025-01-23T14:27:28.316715,Carlos Sainz,14,130.31,11510,7,48.85,35.32,36.81,1735.4
2025-02-02T18:43:58.649982,Sergio Perez,11,256.53,11102,4,8.32,88.69,38.75,606.02
2025-02-22T20:02:46.427361,Sebastian Vettel,13,217.98,11784,1,75.07,79.1,48.51,2216.29
2025-02-23T03:44:36.208484,Lewis Hamilton,16,247.44,10837,7,5.45,74.67,33.62,4558.84
2025-02-19T22:11:14.663100,Lando Norris,18,290.91,14382,7,24.38,61.57,26.55,398.3
2025-01-03T05:40:21.546400,Charles Leclerc,13,233.2,14829,7,66.09,17.89,46.45,3138.93
2025-01-09T13:50:08.547175,Sebastian Vettel,15,284.97,12865,4,63.98,15.39,32.95,2070.83
2025-01-14T03:18:10.084370,George Russell,1,325.18,13404,6,48.09,96.83,-18.28,3119.97
2025-04-25T08:24:35.597794,Daniel Ricciardo,17,314.37,14714,1,36.84,92.6,3.21,236.31
2025-04-08T02:47:23.303278,Lando Norris,10,341.42,8459,1,65.5,90.4,20.46,3256.39
2025-04-22T04:20:37.146398,Max Verstappen,10,308.83,9636,4,23.04,64.05,11.92,1129.12
2025-01-29T08:44:09.503353,Fernando Alonso,14,335.33,8569,1,67.23,39.52,-67.23,1424.41
2025-02-22T19:54:07.351136,Daniel Ricciardo,2,172.28,12891,2,29.79,43.21,10.69,2537.37
2025-03-16T16:37:55.613899,Charles Leclerc,20,325.03,12730,5,76.56,53.05,25.99,3918.74
2025-01-31T17:44:19.348809,Carlos Sainz,20,250.58,14580,6,87.66,22.48,55.55,2018.53
2025-03-28T23:59:27.177573,Charles Leclerc,18,244.64,12434,8,88.83,97.06,-34.82,4867.91
2025-04-24T16:16:10.472680,Max Verstappen,12,329.93,13774,3,39.77,2.82,38.82,3183.42
2025-01-14T01:22:41.746314,Max Verstappen,7,220.05,12610,4,50.65,48.51,-16.03,2400.34
2025-01-04T20:56:08.141923,Sergio Perez,7,298.46,10560,7,35.52,36.31,-79.44,1965.03
2025-03-25T23:20:05.394230,Daniel Ricciardo,16,184.64,9616,6,12.23,1.98,-54.25,3621.05
2025-03-15T06:10:58.343411,Lewis Hamilton,5,207.3,14629,1,92.81,67.41,-64.09,4176.04
2025-04-27T20:03:46.749955,Max Verstappen,7,346.99,9333,4,67.99,17.98,10.25,4575.11
2025-02-24T23:59:01.246048,Carlos Sainz,3,236.64,9442,3,28.31,7.26,75.36,4128.67
2025-04-15T19:36:24.911936,Max Verstappen,6,176.18,8402,8,85.04,12.6,14.1,1042.51
2025-02-08T06:14:23.751066,Charles Leclerc,16,157.27,8290,4,75.54,47.66,-60.24,3903.4
2025-02-11T06:47:26.904598,Lando Norris,7,267.67,14303,5,31.8,59.48,77.88,160.46
2025-03-10T22:59:36.390282,Sebastian Vettel,16,100.98,14131,7,32.34,18.24,-61.1,2484.77
2025-01-07T00:12:31.405278,George Russell,10,318.99,11397,2,57.01,21.94,-76.6,2902.85
2025-01-31T00:00:48.879388,Sergio Perez,12,290.37,11341,8,50.46,15.25,16.98,708.38
2025-04-02T05:17:17.255313,Max Verstappen,13,304.66,14164,6,90.28,72.38,19.28,460.0
2025-01-03T02:43:40.151283,Max Verstappen,3,187.97,12834,2,42.93,66.19,-71.42,1837.07
2025-03-26T19:31:42.519886,Sebastian Vettel,7,234.74,14461,8,9.9,12.07,37.86,1810.95
2025-02-03T05:08:03.484524,Charles Leclerc,16,246.77,8713,2,2.08,84.56,-5.16,254.56
2025-02-16T20:03:50.922397,George Russell,11,201.67,12941,3,84.5,16.02,0.46,1823.3
2025-02-23T22:26:49.287292,Lewis Hamilton,4,240.98,14768,2,48.01,59.91,4.49,2240.26
2025-03-22T21:13:45.488371,Carlos Sainz,12,196.61,9120,2,20.4,41.23,83.3,250.14
2025-02-03T08:58:15.232548,George Russell,6,154.75,9648,6,37.56,8.07,19.64,4615.94
2025-03-24T01:55:12.851942,Fernando Alonso,10,145.58,11964,4,60.71,32.69,19.54,2637.65
2025-04-04T00:11:50.004489,Sergio Perez,4,161.38,8744,2,93.85,39.21,25.3,3762.7
2025-04-06T23:42:37.687425,Lewis Hamilton,19,260.68,11672,5,91.61,27.66,-48.2,1584.34
2025-02-10T05:14:06.133033,Max Verstappen,10,302.5,11589,6,83.19,76.76,-81.08,2054.88
2025-01-04T01:45:48.129781,Fernando Alonso,17,242.29,14620,8,44.71,58.79,75.26,2589.68
2025-03-25T22:23:26.626178,Carlos Sainz,6,276.64,12429,5,66.62,44.65,29.18,2375.47
2025-02-01T19:14:57.000495,Carlos Sainz,20,109.12,10346,3,68.33,77.68,77.82,4555.09
2025-02-02T08:51:26.829655,Daniel Ricciardo,11,341.65,10409,3,62.19,87.05,74.17,4543.37
2025-03-28T08:37:04.565489,Sergio Perez,9,282.95,11819,5,15.16,97.02,27.23,37.08
2025-04-27T15:42:29.425091,Fernando Alonso,10,322.83,8416,7,40.18,49.05,34.11,3162.77
2025-03-20T03:42:35.164477,Sergio Perez,19,229.29,10949,8,12.11,69.59,31.02,1077.23
2025-04-18T20:52:42.272910,Lando Norris,10,126.08,10178,4,83.79,41.6,-25.4,1517.03
2025-02-09T19:02:46.988327,Lando Norris,13,347.61,13663,6,48.06,12.89,-3.09,3453.97
2025-03-16T08:16:27.723895,Sebastian Vettel,9,188.28,13124,3,89.18,27.37,-53.43,4469.77
2025-03-21T10:53:22.281113,Carlos Sainz,10,264.8,14666,2,94.61,52.33,-9.13,2536.14
2025-02-21T06:17:35.019307,Sergio Perez,10,287.57,14214,1,32.71,22.0,-60.92,1022.96
2025-04-27T10:16:10.795542,Lewis Hamilton,15,315.2,9892,3,74.5,10.19,-78.91,4099.56
2025-03-15T10:41:25.708330,Fernando Alonso,18,343.63,8301,2,7.92,53.06,-31.94,1117.88
2025-03-09T15:06:52.769809,Carlos Sainz,14,115.94,10578,4,7.0,30.71,-82.43,504.01
2025-03-07T09:51:10.241238,Lando Norris,5,137.33,12756,4,61.06,85.77,34.27,1421.32
2025-03-01T10:56:26.276668,Sergio Perez,16,116.74,8985,1,41.31,75.06,50.41,4064.62
2025-03-01T06:46:09.672590,Carlos Sainz,18,301.39,12686,4,71.87,83.95,70.32,1714.16
2025-02-08T09:29:51.984100,Carlos Sainz,17,221.27,12659,3,77.26,30.66,31.99,4902.45
2025-03-20T13:04:27.765985,Sergio Perez,3,148.7,10577,6,93.89,38.53,-75.55,1647.13
2025-02-06T13:18:36.773761,Sebastian Vettel,18,215.88,10563,1,5.92,99.89,-64.1,1483.03
2025-02-14T04:41:54.230063,George Russell,2,267.08,13769,1,15.49,20.45,15.69,3261.34
2025-04-06T22:12:19.409497,Charles Leclerc,19,234.63,13940,2,11.79,18.29,-36.05,48.62
2025-04-12T13:34:36.743471,Lewis Hamilton,11,335.19,10725,3,41.32,15.83,-73.26,2469.97
2025-03-25T09:18:50.156291,Max Verstappen,20,162.03,9351,7,50.59,42.55,72.97,2353.26
2025-03-24T00:36:26.110253,Lewis Hamilton,6,317.41,10975,1,80.63,25.92,70.63,540.15
2025-04-13T06:57:48.562786,Carlos Sainz,14,150.76,12799,1,22.64,74.37,-49.84,119.45
2025-02-19T08:50:50.209349,Carlos Sainz,19,171.05,12203,2,63.97,5.04,-29.83,325.98
2025-03-04T03:25:17.430626,Fernando Alonso,16,155.96,13747,4,11.08,75.07,88.95,1790.32
2025-03-14T16:24:34.354114,George Russell,20,282.16,12646,7,87.07,8.97,-77.54,2749.89
2025-04-01T16:50:26.684838,George Russell,2,273.76,12890,7,74.7,60.75,-27.31,2328.43
2025-04-03T01:57:58.593349,Daniel Ricciardo,7,288.76,11014,4,41.94,50.62,59.2,3974.7
2025-02-27T06:34:01.371432,Fernando Alonso,16,141.45,9777,6,19.55,94.93,59.05,1032.36
2025-01-11T06:46:05.200341,Carlos Sainz,17,248.7,10840,8,92.92,62.44,-42.92,1299.24
2025-04-14T05:04:38.142081,Charles Leclerc,12,158.84,9862,3,50.57,88.66,41.01,1494.12
2025-03-01T23:46:51.545748,Carlos Sainz,11,298.97,13594,1,24.92,73.09,13.53,3781.78
2025-02-25T19:12:10.047533,Max Verstappen,2,261.91,8964,1,69.71,58.69,-18.2,1767.29
2025-04-28T11:12:00.298368,Daniel Ricciardo,14,319.54,14267,8,7.92,79.71,20.67,877.2
2025-04-14T14:55:59.253153,Fernando Alonso,17,305.78,14345,6,78.08,11.59,14.14,595.31
2025-03-07T05:59:21.745136,Lando Norris,7,146.11,13859,1,98.5,23.87,-80.39,3488.22
2025-02-13T03:46:05.353418,Sebastian Vettel,18,308.16,14903,1,43.45,51.05,79.2,1014.76
2025-01-30T14:03:18.721927,George Russell,10,219.22,13818,3,10.43,92.03,-50.78,3927.01
2025-04-20T08:36:57.591419,George Russell,8,198.83,11692,5,33.69,69.97,45.92,2041.6
2025-02-25T11:37:01.394105,Sergio Perez,9,187.63,11488,1,6.59,98.34,47.19,3282.61
2025-04-10T19:01:53.815403,Sebastian Vettel,10,329.92,11352,7,19.31,44.8,70.98,2789.85
2025-04-14T06:21:13.258729,Sebastian Vettel,1,305.57,9023,4,60.47,41.74,-9.04,2772.18
2025-03-03T14:10:42.700673,Lando Norris,9,183.53,14655,4,65.4,60.75,-25.67,4591.22
2025-04-05T06:11:38.990837,Fernando Alonso,19,308.14,8435,7,5.67,92.3,-76.01,3025.1
2025-02-27T05:27:13.384484,George Russell,19,271.63,14531,8,15.56,59.97,-57.71,3265.56
2025-03-08T13:24:28.696079,Max Verstappen,7,197.79,9750,2,45.06,35.86,74.15,215.18
2025-04-28T23:21:26.330539,Sergio Perez,20,134.17,14587,4,81.16,32.7,9.46,3555.16
2025-02-16T11:12:43.648959,Charles Leclerc,18,110.9,13370,1,37.4,58.74,28.07,236.99
2025-02-09T11:40:29.023450,Sebastian Vettel,3,103.92,13657,2,33.11,17.64,53.29,4975.73
2025-02-08T11:10:38.766675,Daniel Ricciardo,19,344.81,12858,3,63.19,31.67,88.54,870.64
2025-01-01T02:26:36.298565,Fernando Alonso,7,223.12,12323,8,88.08,8.8,-57.57,3070.88
2025-01-25T06:21:27.621430,Max Verstappen,2,140.57,8105,2,15.97,66.28,78.92,1590.57
2025-04-15T03:44:19.478071,Lewis Hamilton,14,174.41,8346,6,75.76,74.99,-83.07,3229.98
2025-04-28T07:00:17.497769,Charles Leclerc,11,211.56,11429,4,63.2,16.38,88.29,3876.87
2025-02-20T20:28:31.636482,Daniel Ricciardo,6,119.59,11723,8,33.47,98.19,15.63,2160.67
2025-01-19T04:12:47.374894,Fernando Alonso,2,121.41,8103,3,9.09,1.57,60.9,2866.69
2025-03-07T05:04:28.835386,Fernando Alonso,4,289.22,12019,3,46.65,99.4,-29.53,1735.88
2025-01-08T15:10:18.509196,Carlos Sainz,3,332.1,11314,7,81.33,6.72,-55.25,1834.22
2025-01-05T14:51:49.492409,Max Verstappen,6,317.81,9546,2,63.34,74.55,-31.89,1279.18
2025-04-23T14:46:21.481666,George Russell,15,134.02,12314,3,35.81,71.76,24.43,4728.38
2025-01-05T19:35:28.129607,Charles Leclerc,8,349.37,10516,3,65.37,10.94,-47.29,4745.81
2025-03-08T06:49:39.140320,Sebastian Vettel,2,151.4,8511,3,34.5,93.49,61.85,181.86
2025-01-25T13:36:01.836057,Sebastian Vettel,4,287.42,10698,3,0.26,14.45,-89.82,504.47
2025-02-28T19:30:59.202865,Max Verstappen,4,220.31,8066,1,54.67,82.16,-27.06,3379.95
2025-04-05T02:00:36.261304,Daniel Ricciardo,19,308.18,10214,4,80.35,35.49,40.45,444.23
2025-03-26T17:33:40.677649,Daniel Ricciardo,18,219.89,11905,1,6.54,82.04,11.27,2616.51
2025-02-14T11:01:54.893240,Sergio Perez,11,338.36,9881,4,25.63,42.77,-18.9,3872.45
2025-01-14T08:54:36.539187,Max Verstappen,10,248.06,12231,1,92.4,70.77,-66.57,2771.1
2025-01-13T03:10:57.536554,Sergio Perez,19,224.59,11479,4,91.3,85.84,-29.18,3120.66
2025-03-06T22:53:07.609589,Daniel Ricciardo,16,216.61,11395,3,70.12,15.56,-87.18,466.95
2025-04-15T20:48:40.423750,Sebastian Vettel,12,198.82,11832,7,48.61,90.62,-75.5,3187.34
2025-03-23T22:08:55.952800,George Russell,16,227.27,9384,6,51.18,18.58,27.68,2842.98
2025-04-22T02:02:00.109085,Charles Leclerc,13,237.24,9516,2,67.23,2.05,61.53,3605.0
2025-04-14T19:59:57.561673,Fernando Alonso,4,116.81,9697,6,79.85,16.14,-52.03,4083.92
2025-02-18T17:07:00.915390,Charles Leclerc,19,225.16,11201,8,69.78,38.03,53.36,750.31
2025-04-19T11:51:10.659916,Lando Norris,10,155.1,8592,1,62.16,6.27,25.38,3466.22
2025-01-16T20:18:11.701776,Lewis Hamilton,11,342.71,8264,7,2.89,32.68,17.78,533.9
2025-03-29T11:16:37.594533,Carlos Sainz,20,316.53,9570,1,64.35,83.46,-32.94,365.21
2025-02-20T00:18:39.877928,Lewis Hamilton,1,201.94,9076,5,60.51,97.73,41.12,3574.23
2025-02-26T11:59:13.365350,Carlos Sainz,4,333.09,9475,3,54.31,56.73,-37.83,3231.98
2025-02-16T17:17:48.674986,Fernando Alonso,1,157.66,12689,6,13.58,12.92,-7.3,4128.57
2025-04-28T11:27:36.724505,Max Verstappen,17,251.68,11314,6,22.23,49.81,78.43,816.35
2025-01-01T01:57:04.048776,Lewis Hamilton,5,310.46,10562,3,55.75,60.26,35.32,3134.71
2025-01-20T15:27:25.946201,Sergio Perez,3,224.67,10291,2,8.17,71.42,22.67,502.2
2025-04-14T03:55:54.492330,Max Verstappen,18,257.12,14004,1,1.96,39.88,7.74,486.54
2025-01-18T22:54:16.964945,Lewis Hamilton,18,104.56,9115,5,3.28,87.33,65.44,2247.4
2025-01-09T17:08:16.435306,Carlos Sainz,15,318.86,9118,7,98.38,31.77,79.96,3319.95
2025-03-25T11:57:29.354534,Fernando Alonso,18,134.39,13950,6,80.71,9.66,25.74,2333.94
2025-02-22T19:36:52.341077,Carlos Sainz,12,191.81,11974,6,95.89,99.77,72.27,4365.56
2025-04-26T14:09:01.906149,Sergio Perez,13,211.68,9373,4,74.9,21.98,88.0,73.28
2025-03-08T12:01:17.610795,Max Verstappen,16,274.84,8780,5,79.7,26.45,-57.32,2787.1
2025-01-16T06:41:53.015210,Daniel Ricciardo,20,223.78,12998,8,22.71,84.64,18.86,4697.55
2025-04-15T16:59:10.656017,Charles Leclerc,19,135.97,14483,7,87.7,38.4,88.99,469.76
2025-03-31T10:53:55.059273,Sebastian Vettel,19,214.04,12265,2,21.9,52.93,37.95,4648.44
2025-01-03T01:43:49.690034,Sergio Perez,4,335.83,10961,6,9.89,31.81,70.83,4649.21
2025-02-18T12:33:23.917849,Carlos Sainz,18,189.26,12375,4,66.92,19.56,-87.71,4672.85
2025-01-10T07:52:47.660978,Carlos Sainz,6,162.91,9370,3,20.47,79.92,-14.86,243.86
2025-03-18T14:42:04.991561,George Russell,13,146.29,14122,4,5.31,15.49,72.12,421.07
2025-01-06T21:45:23.616076,Sebastian Vettel,16,237.56,14905,4,61.12,87.28,-84.45,4544.16
2025-01-18T16:24:39.839413,Lewis Hamilton,4,217.71,11095,3,98.12,59.55,4.71,2618.75
2025-01-03T10:10:10.324285,Fernando Alonso,4,206.73,10802,1,31.28,32.66,89.22,1736.73
2025-01-07T03:37:30.544725,Lando Norris,20,313.16,13704,8,54.43,23.87,-29.98,2187.07
2025-02-21T21:25:16.493989,Fernando Alonso,15,241.21,8026,3,91.61,53.55,65.62,2724.73
2025-02-06T07:16:22.921721,Carlos Sainz,10,102.34,9247,3,8.88,90.37,-79.67,4458.02
2025-01-06T19:12:28.943973,Lewis Hamilton,10,197.72,8429,4,69.15,70.4,27.46,4382.76
2025-04-25T15:20:16.364180,Charles Leclerc,4,158.71,11554,4,31.59,48.17,-69.3,1740.06
2025-03-09T02:43:04.715441,Sergio Perez,12,250.57,12435,5,6.77,97.74,-43.16,3435.2
2025-03-07T08:34:08.622826,Fernando Alonso,5,193.97,11245,6,37.48,29.48,60.01,2803.9
2025-04-20T11:36:33.342340,Charles Leclerc,19,106.9,12873,2,64.76,83.77,59.88,800.31
2025-01-06T04:39:07.475414,Max Verstappen,9,310.27,11662,7,28.82,63.99,36.52,2579.51
2025-01-16T00:49:34.533385,Sergio Perez,13,329.27,13834,3,39.32,1.28,54.72,789.69
2025-04-17T08:51:41.515590,Lando Norris,18,341.27,14736,2,77.12,10.2,75.58,4049.68
2025-02-02T08:00:59.091285,Sergio Perez,17,221.38,11680,5,57.78,17.71,-80.13,2962.58
2025-03-15T01:06:15.736193,Carlos Sainz,5,341.08,11117,3,85.99,46.39,64.95,1134.23
2025-04-28T07:54:17.673968,Sebastian Vettel,16,294.15,13779,1,66.79,92.12,71.52,2687.95
2025-03-25T06:43:31.627877,Sergio Perez,11,297.45,11012,8,95.61,2.88,54.21,2008.08
2025-03-12T07:00:19.608204,Fernando Alonso,17,329.82,13987,2,66.17,6.01,-64.3,604.64
2025-03-20T11:54:28.632298,Sergio Perez,5,102.39,11038,1,54.93,5.45,-48.93,1433.42
2025-04-12T09:45:00.299950,Lewis Hamilton,19,144.77,9670,7,75.2,43.3,-6.91,3188.46
2025-04-09T16:56:54.859471,Lewis Hamilton,11,321.29,13439,1,42.04,79.01,-52.53,2366.8
2025-02-06T11:51:24.835505,Sebastian Vettel,10,145.03,8375,7,18.56,85.28,-24.05,4580.69
2025-02-15T11:50:20.880841,Fernando Alonso,14,105.71,8898,7,4.41,42.18,-68.92,666.01
2025-01-08T02:12:02.152613,Max Verstappen,14,201.65,8423,2,82.86,22.08,59.29,345.66
2025-04-06T21:24:26.964688,George Russell,9,144.55,8906,7,57.14,54.33,-41.39,1040.83
2025-02-01T11:21:18.175850,Charles Leclerc,8,288.63,10948,1,31.13,88.81,-39.84,1374.48
2025-04-05T17:01:55.241503,George Russell,4,184.25,12700,2,95.85,28.86,48.0,4931.08
2025-02-23T13:25:31.017625,Carlos Sainz,18,141.97,11588,7,56.29,2.67,-45.46,1199.72
2025-01-13T10:17:31.679886,George Russell,20,312.53,9159,8,44.65,57.79,68.02,4025.66
2025-03-31T15:54:31.758828,Sebastian Vettel,9,298.75,10538,5,42.25,59.12,-72.31,1143.46
2025-01-06T01:59:44.549894,Max Verstappen,20,222.61,12655,5,74.86,24.04,88.7,3329.93
2025-04-15T01:49:55.643513,Carlos Sainz,8,181.58,8454,6,25.96,16.99,-30.42,4106.13
2025-04-16T07:43:28.032669,Sergio Perez,3,238.26,14683,6,47.89,60.69,13.11,2658.48
2025-01-30T19:35:42.503001,Fernando Alonso,11,110.45,11911,4,62.7,24.08,-86.96,4117.69
2025-02-02T15:53:01.276823,Sebastian Vettel,11,263.12,13742,1,42.57,24.85,-42.51,1478.46
2025-01-12T03:22:24.836577,Daniel Ricciardo,20,141.26,12391,8,81.13,33.01,-64.16,2712.7
2025-03-13T17:02:39.172702,Lando Norris,6,339.66,14552,2,43.2,89.94,-26.23,2711.88
2025-01-08T19:58:53.335009,Charles Leclerc,17,252.57,10708,3,61.48,56.06,-5.81,4004.19
2025-01-21T19:30:09.434134,Fernando Alonso,6,311.14,14660,1,18.82,26.43,67.15,1854.31
2025-01-01T01:34:30.315052,Sergio Perez,18,114.28,14701,7,52.38,58.26,-89.85,4221.0
2025-01-06T14:40:21.413667,Fernando Alonso,6,191.82,12095,1,32.86,5.04,8.1,742.72
2025-01-02T12:47:19.628495,Sebastian Vettel,2,234.55,13436,5,73.12,2.06,-68.14,74.34
2025-04-13T10:42:11.539739,Sergio Perez,18,344.32,11196,2,71.15,70.33,-7.91,1905.85
2025-01-18T17:18:30.874029,George Russell,10,192.95,14474,5,13.12,42.04,25.21,2420.41
2025-01-20T13:17:10.676941,Sebastian Vettel,6,277.16,9313,8,78.87,24.3,9.37,1263.05
2025-02-20T08:21:16.709212,George Russell,5,193.25,8796,7,7.55,72.33,12.45,2442.88
2025-03-24T01:04:54.829848,Daniel Ricciardo,1,304.19,9954,8,35.98,79.68,-21.42,2620.93
2025-01-03T06:43:33.105936,Daniel Ricciardo,17,131.29,8309,5,68.06,32.37,72.38,636.6
2025-04-07T18:43:47.445550,Carlos Sainz,2,101.45,10197,2,11.27,55.36,-19.32,4364.43
2025-03-29T17:20:14.142853,Sergio Perez,9,339.92,9124,8,4.28,21.13,17.88,4305.66
2025-01-10T08:51:31.291733,Carlos Sainz,11,115.83,13294,4,98.64,27.29,18.45,2342.71
2025-01-26T19:02:00.707999,Daniel Ricciardo,19,232.26,8829,7,15.01,34.85,-27.5,827.2
2025-04-13T14:07:04.619409,Sebastian Vettel,4,296.68,8232,7,51.08,98.83,-83.67,787.49
2025-03-05T13:38:26.322078,Lewis Hamilton,19,186.62,12158,2,27.19,17.74,-45.25,2471.0
2025-03-22T03:50:03.866730,Sergio Perez,13,173.58,14313,2,41.82,36.04,89.88,1790.76
2025-04-12T21:37:03.748404,Lando Norris,16,181.97,13276,5,75.47,63.99,77.5,84.34
2025-03-03T11:31:14.743464,Lando Norris,1,319.77,10097,6,65.39,33.7,15.81,2468.88
2025-03-03T19:30:43.810846,Lando Norris,5,301.38,8962,3,40.49,69.26,21.43,743.0
2025-02-13T07:45:42.417718,Carlos Sainz,19,112.37,14822,2,87.27,98.06,55.17,1056.91
2025-04-08T05:17:32.355570,Sergio Perez,13,337.06,8234,1,36.58,2.91,40.45,1575.97
2025-03-13T02:27:01.518195,Carlos Sainz,8,112.57,12590,8,88.3,77.05,-2.93,3530.79
2025-02-28T23:32:36.910159,Max Verstappen,13,290.57,13476,7,39.12,81.45,68.13,4165.43
2025-03-07T20:58:57.666647,George Russell,7,237.21,8880,5,83.73,15.57,64.74,945.67
2025-04-12T18:16:27.984814,Lando Norris,13,105.92,13115,7,97.36,31.6,51.35,4293.95
2025-03-20T09:42:47.094543,Carlos Sainz,7,308.07,11054,2,97.56,2.82,55.52,4756.15
2025-02-13T20:26:36.097499,Sergio Perez,14,124.17,13033,7,72.57,22.58,13.97,1939.04
2025-01-22T20:45:31.784012,Daniel Ricciardo,18,289.07,13859,1,63.8,27.96,31.34,3150.89
2025-03-23T13:51:00.144585,Sebastian Vettel,12,277.06,13205,1,10.66,71.98,-17.93,4710.07
2025-04-12T08:45:50.686510,Sergio Perez,4,300.75,9766,4,46.0,73.1,-49.07,3051.34
2025-01-27T06:30:45.274154,Lando Norris,11,311.31,10477,5,38.11,5.79,-47.67,2747.41
2025-01-05T08:34:38.692766,Sebastian Vettel,15,284.74,9359,8,69.09,21.88,87.51,1563.27
2025-03-27T04:49:13.820691,Carlos Sainz,7,243.64,10190,5,23.07,44.09,-29.91,1265.76
2025-01-06T06:23:36.131235,Sergio Perez,17,172.86,14816,4,74.27,36.81,46.43,1519.61
2025-02-26T03:18:26.633831,Lando Norris,13,226.76,8992,2,15.9,15.87,65.27,4248.89
2025-01-23T20:54:36.495140,Carlos Sainz,1,173.12,10895,4,81.29,67.09,-84.9,2190.01
2025-03-05T13:53:04.850501,Lando Norris,16,190.25,9525,6,68.2,37.73,69.43,1136.98
2025-03-25T15:45:25.309107,Sebastian Vettel,5,188.9,12334,1,61.98,40.19,-26.97,2603.74
2025-03-26T04:13:24.746536,Carlos Sainz,1,196.65,10802,8,75.77,8.3,82.49,949.37
2025-01-24T06:42:44.190041,Charles Leclerc,3,224.09,10396,1,56.84,61.13,-67.34,4377.74
2025-03-17T16:31:29.828007,Lewis Hamilton,4,209.48,11868,1,81.26,17.38,29.54,2774.05
2025-03-16T17:15:53.623132,George Russell,20,184.96,13152,8,15.29,1.22,34.26,1138.84
2025-02-07T15:16:16.071503,Carlos Sainz,19,155.14,12823,2,53.04,80.08,-23.22,3381.1
2025-03-08T08:40:58.497781,Carlos Sainz,9,222.48,10538,2,15.5,54.03,-4.06,2167.98
2025-04-10T05:07:57.538672,Charles Leclerc,7,289.62,14670,7,74.63,32.88,-10.98,3340.02
2025-01-09T20:51:36.811842,Sergio Perez,1,233.18,9985,8,21.96,52.38,-39.78,1633.1
2025-04-03T10:03:03.622649,Lando Norris,10,142.52,13103,6,33.21,51.36,16.85,2024.13
2025-02-22T22:07:48.650005,Lando Norris,13,321.92,9213,8,14.7,78.87,-80.01,3891.23
2025-01-21T04:54:21.779839,Carlos Sainz,2,154.77,14698,8,47.66,23.5,-8.33,1031.93
2025-04-17T02:14:33.325375,Lewis Hamilton,9,237.38,11863,2,26.64,74.48,0.19,4330.87
2025-02-18T19:46:12.696552,Carlos Sainz,10,261.35,11731,4,0.67,0.3,-29.67,3007.44
2025-04-20T06:57:51.238740,George Russell,9,248.24,11496,2,64.76,8.5,68.9,1556.33
2025-02-03T17:17:38.959710,Sergio Perez,15,325.65,13217,7,56.71,37.81,-39.8,3563.12
2025-04-08T11:32:19.149491,Sergio Perez,2,165.09,8468,6,20.83,3.79,51.92,909.02
2025-01-25T22:57:53.133449,George Russell,11,193.76,10107,1,1.47,54.25,44.14,2410.98
2025-02-18T10:35:22.717360,Lando Norris,4,157.56,14673,1,91.15,38.2,-42.76,1042.58
2025-03-10T09:08:54.002853,Daniel Ricciardo,19,339.6,14504,5,61.46,28.45,-18.82,2084.55
2025-01-13T04:55:08.377754,Fernando Alonso,17,233.72,13851,1,56.81,32.08,0.9,3963.23
2025-04-26T17:30:59.994930,Max Verstappen,12,268.37,10367,3,79.79,86.28,41.71,1412.13
2025-04-02T02:50:28.423834,Fernando Alonso,9,327.56,14225,3,35.15,80.01,-41.29,4040.63
2025-03-25T15:22:13.057165,George Russell,8,331.57,11627,5,84.33,6.99,-5.09,1391.86
2025-03-01T06:51:17.315637,Lando Norris,12,124.24,12602,3,17.79,98.03,-3.82,2282.02
2025-03-31T07:38:13.875248,Sebastian Vettel,13,270.0,14018,7,19.33,96.82,72.05,3872.93
2025-03-01T02:37:49.809065,Sebastian Vettel,16,307.23,11240,8,8.31,90.84,61.1,2304.02
2025-02-01T20:07:31.167456,Lando Norris,5,348.54,10605,1,2.5,98.9,46.79,1567.26
2025-04-02T19:52:21.711849,Lando Norris,12,203.81,12128,4,28.63,73.55,-19.2,1118.9
2025-01-22T04:25:24.460078,George Russell,13,314.1,10218,3,28.96,90.1,-69.69,865.22
2025-03-01T09:38:36.308410,Sergio Perez,11,261.23,13381,4,51.83,58.01,76.22,2186.69
2025-01-09T20:11:33.650468,Sergio Perez,3,111.54,10109,5,93.67,47.31,71.92,966.67
2025-04-25T06:25:26.271655,Max Verstappen,18,271.36,9928,8,85.56,79.92,-75.78,563.37
2025-01-08T13:01:44.853889,Sebastian Vettel,15,340.94,9199,1,94.09,10.41,46.7,2360.51
2025-01-12T13:37:57.049110,Charles Leclerc,3,237.79,8273,8,53.06,62.85,21.88,1105.61
2025-02-02T08:19:37.595330,Lando Norris,9,324.13,10200,3,76.56,90.64,-23.94,2214.08
2025-01-02T05:14:20.817328,Lewis Hamilton,9,327.82,8714,1,12.01,72.89,-74.22,3738.11
2025-02-11T22:24:14.250016,Daniel Ricciardo,14,242.44,14108,3,72.53,40.99,89.84,4383.86
2025-04-19T12:02:30.596972,Lando Norris,13,149.55,12270,8,21.86,50.1,-75.55,1189.35
2025-03-21T00:44:16.466241,Sebastian Vettel,14,137.58,11082,7,62.59,57.72,27.79,325.14
2025-03-19T02:17:08.433342,Lando Norris,9,215.82,13933,4,72.69,59.87,-62.25,3562.62
2025-02-08T19:34:48.673230,Daniel Ricciardo,20,340.39,10979,2,22.36,56.46,-50.5,2767.44
2025-04-20T20:12:27.051059,Fernando Alonso,16,256.15,10010,2,44.21,72.66,72.64,3512.96
2025-04-17T10:34:24.638055,Max Verstappen,16,291.47,12135,7,27.27,22.67,-42.47,1301.75
2025-04-06T19:54:47.017794,Lewis Hamilton,19,172.15,11164,1,24.86,4.06,-30.9,1966.98
2025-01-15T07:43:04.694027,George Russell,20,246.3,14813,2,27.31,83.54,56.84,2902.39
2025-03-30T13:09:47.646185,Lewis Hamilton,14,109.84,9137,7,58.88,45.85,39.93,612.35
2025-04-23T05:49:19.663532,Sebastian Vettel,14,133.42,14084,2,54.37,18.81,-53.79,710.64
2025-01-07T12:26:58.376715,Max Verstappen,20,172.81,10332,6,49.37,87.12,66.58,2136.63
2025-02-14T09:28:24.626151,Lewis Hamilton,7,133.79,14182,2,85.15,32.7,51.92,4289.86
2025-04-27T22:41:21.710101,Lando Norris,9,317.69,11356,7,24.45,92.16,28.69,2022.01
2025-01-17T14:03:20.571398,George Russell,2,269.58,9727,6,64.5,30.35,11.25,3524.19
2025-01-10T08:06:59.026273,Lewis Hamilton,13,105.46,13199,1,30.92,24.12,25.29,4089.08
2025-03-22T11:54:45.431708,Daniel Ricciardo,6,115.51,9298,5,55.39,60.74,9.45,3747.2
2025-01-25T10:39:31.407094,Daniel Ricciardo,5,278.7,8711,2,7.08,23.92,73.95,245.41
2025-03-13T07:44:27.942808,Daniel Ricciardo,16,174.64,10602,5,79.01,35.47,22.21,4206.27
2025-04-20T18:07:26.694185,Daniel Ricciardo,19,254.55,14039,6,94.13,26.22,-25.08,4372.85
2025-02-24T07:50:18.496577,Sergio Perez,11,312.39,9346,3,51.53,14.62,-39.98,1005.38
2025-04-15T15:20:01.555766,Carlos Sainz,14,228.07,11612,1,83.96,26.97,-15.54,3916.08
2025-03-04T11:27:25.380213,George Russell,6,276.37,13296,7,68.72,86.44,76.03,254.34
2025-01-16T03:27:55.620638,Sebastian Vettel,10,101.86,9982,7,70.85,37.67,82.66,3442.17
2025-01-31T14:04:51.587798,Sergio Perez,8,182.19,11168,5,97.71,81.91,-27.39,1453.56
2025-02-12T14:54:31.434000,Sergio Perez,13,101.1,14887,5,59.56,8.42,87.24,4564.6
2025-02-14T03:47:46.517041,Daniel Ricciardo,16,114.14,9680,2,12.41,14.01,-21.83,3330.99
2025-03-05T10:09:55.641110,Sergio Perez,17,248.5,11511,3,71.31,17.35,39.03,3081.82
2025-02-05T01:53:09.462974,Daniel Ricciardo,8,154.37,10471,2,53.86,71.3,-37.66,1508.28
2025-02-16T01:17:27.466895,Sergio Perez,19,125.34,13249,1,57.81,84.15,-44.25,4164.13
2025-02-04T01:17:02.216155,Max Verstappen,11,178.59,11219,5,14.04,87.41,-16.15,2003.59
2025-03-21T04:46:22.304614,Carlos Sainz,10,283.61,8573,8,93.01,97.81,48.6,3051.38
2025-03-26T19:59:23.863730,Max Verstappen,13,229.4,11443,7,38.52,46.77,60.91,3078.21
2025-02-23T11:14:26.300344,Sebastian Vettel,4,197.1,14050,2,60.23,95.96,-25.52,2787.35
2025-01-16T15:17:27.126635,George Russell,1,181.77,8421,2,39.36,40.48,79.24,137.87
2025-01-29T03:22:30.221531,Carlos Sainz,13,347.01,11284,2,14.96,95.79,39.5,3505.19
2025-03-08T14:07:44.346810,Sebastian Vettel,17,298.96,8190,8,46.88,77.47,2.61,2568.61
2025-03-20T11:44:01.171246,Sergio Perez,10,231.07,14359,5,15.25,41.53,31.84,4928.1
2025-02-12T12:27:45.969100,Sergio Perez,20,180.59,10984,1,94.82,52.94,-3.46,429.38
2025-03-15T03:05:06.616436,George Russell,3,131.24,8828,5,79.21,81.89,38.66,3613.45
2025-02-20T21:24:14.431682,George Russell,15,122.12,14999,1,33.64,66.18,4.35,203.68
2025-02-04T06:40:52.816796,Sebastian Vettel,7,289.2,10830,3,28.3,53.58,-80.23,2734.65
2025-04-04T10:22:35.022021,Fernando Alonso,19,223.56,14224,5,43.74,95.84,4.46,1639.06
2025-03-08T11:29:50.182235,Sergio Perez,10,300.47,9983,2,7.73,18.97,-43.04,1802.34
2025-04-16T17:01:59.923241,Charles Leclerc,6,308.87,14156,2,70.56,66.61,-18.14,1418.96
2025-04-25T06:53:42.541266,Sergio Perez,14,124.12,11842,6,23.45,55.26,43.4,4770.44
2025-01-27T16:46:45.719786,George Russell,10,266.3,12049,7,17.07,44.13,-12.89,4138.1
2025-01-27T17:29:19.692645,Carlos Sainz,19,106.37,10773,6,60.55,11.53,-87.04,3556.41
2025-02-21T11:09:16.425076,Carlos Sainz,17,170.02,12790,7,9.35,21.44,7.82,606.36
2025-01-22T14:41:56.816906,Lando Norris,4,274.85,8785,5,25.2,62.14,-5.87,4317.13
2025-03-01T08:25:43.812371,Daniel Ricciardo,12,345.24,13982,4,3.27,95.08,64.74,2718.59
2025-03-15T05:24:07.864935,Charles Leclerc,16,284.75,9260,8,14.62,59.29,7.2,1956.48
2025-03-15T18:23:01.920140,Sergio Perez,4,284.29,8287,5,83.82,94.08,20.81,4441.74
2025-02-28T12:50:41.085910,Lando Norris,19,167.93,13852,4,25.96,20.87,9.91,20.55
2025-03-13T05:22:41.581889,Fernando Alonso,6,230.04,13861,2,86.56,66.69,71.07,3109.44
2025-04-08T23:13:07.235972,Fernando Alonso,9,213.64,8907,6,40.01,88.2,-0.85,4897.15
2025-03-02T19:40:11.745308,Sergio Perez,14,188.48,13679,6,81.7,90.12,-82.49,4915.74
2025-01-23T20:33:00.569650,Sergio Perez,12,346.45,8151,7,30.33,10.72,17.03,3799.08
2025-04-10T09:36:52.597581,Charles Leclerc,2,125.95,8404,2,62.18,91.4,-56.67,116.92
2025-03-30T04:43:18.064885,Max Verstappen,20,261.95,13524,4,69.33,1.81,89.5,2997.26
2025-03-06T11:23:01.036895,Sebastian Vettel,11,297.0,8714,1,69.36,79.72,-49.97,1257.12
2025-02-03T12:09:16.012070,Lando Norris,18,106.07,9293,7,42.79,46.32,-68.61,1360.03
